site_id,framework,sampling_strategy,spatial_extent,year,longitude,latitude,x_l93,y_l93,CLC_niveau1,CLC_niveau2,CLC_niveau3,RSr,Shannon,Pielou,ab,strict_total,below_rarefaction_n
RMQS_2024_ARLES_2076,RMQS_Biodiversite,Systematique_stratifie,Nationale,2024,4.50250101102574,43.6487932757976,821245.186749186,6284459.17956291,4,41,411,3,0.56635690046076,0.515520267070175,1415,1415,FALSE
RMQS_2024_AUCELON_1768,RMQS_Biodiversite,Systematique_stratifie,Nationale,2024,5.34894544254264,44.6346263421969,886275.189659103,6395607.29164841,3,31,311,13.9530134659791,1.87902359619557,0.712913761601138,13797,13561,FALSE
RMQS_2024_AULUS-LES-BAINS_2276,RMQS_Biodiversite,Systematique_stratifie,Nationale,2024,1.34712195396423,42.8033485412598,564654.448618006,6190732.3561204,3,31,313,9.99994838309925,1.8105915296655,0.786331673033659,5897,5897,FALSE
RMQS_2024_AURIERES_1464,RMQS_Biodiversite,Systematique_stratifie,Nationale,2024,2.94301610784092,45.6779077470276,695564.036287012,6508706.91374527,3,31,311,4.99999999999999,1.26794753980018,0.787820101666765,2713,2123,FALSE
RMQS_2024_AUXERRE_805,RMQS_Biodiversite,Systematique_stratifie,Nationale,2024,3.60554545922775,47.836519711785,745300.193518,6748632.02257601,3,31,311,4.9999876502327,0.514580823031541,0.319727532680272,5071,5071,FALSE
RMQS_2024_AUZON_1549,RMQS_Biodiversite,Systematique_stratifie,Nationale,2024,3.34517713570663,45.3911047765517,727009.780161138,6476913.98314981,3,31,313,13.9888072337193,1.86068414709879,0.705270099060558,10850,10850,FALSE
RMQS_2024_AVESNES-EN-SAOSNOIS_620,RMQS_Biodiversite,Systematique_stratifie,Nationale,2024,0.383482346651963,48.2601626337537,505854.766853,6798752.905946,3,31,311,10.9999999437036,2.10814151320185,0.879163298587705,3539,3539,FALSE
RMQS_2024_BEDEE_609,RMQS_Biodiversite,Systematique_stratifie,Nationale,2024,-1.9822890094208,48.1951376535824,330036.819999999,6799984.824226,2,24,242,12.9956266487323,1.85082015674248,0.721676228220437,8963,8963,FALSE
RMQS_2024_BELCASTEL_1837,RMQS_Biodiversite,Systematique_stratifie,Nationale,2024,2.32434462405189,44.3889199310117,646178.638479375,6365772.67823149,2,24,242,12.3713056098132,1.62282709688059,0.64516187328127,30187,30069,FALSE
RMQS_2024_BELMONT-SUR-RANCE_2021,RMQS_Biodiversite,Systematique_stratifie,Nationale,2024,2.72179965795729,43.8125780995336,677613.281782203,6301546.55540255,3,31,311,7.99999999944749,1.78712805229242,0.859426926187153,2949,2949,FALSE
RMQS_2024_BELVAL-SOUS-CHATILLON_288,RMQS_Biodiversite,Systematique_stratifie,Nationale,2024,3.85678097784408,49.1281765661728,762536.296,6892381.33772601,2,22,221,7,1.5689676827574,0.806289891400738,2004,2004,FALSE
RMQS_2024_BENGY-SUR-CRAON_1090,RMQS_Biodiversite,Systematique_stratifie,Nationale,2024,2.74851568722079,46.9826323289556,680884.47705,6653632.291626,2,21,211,5.99999998880461,1.22467770665311,0.6835056428953,4481,3538,FALSE
RMQS_2024_BREGNIER-CORDON_1477,RMQS_Biodiversite,Systematique_stratifie,Nationale,2024,5.61003921649128,45.6401693491095,903282.43629713,6507874.37616708,3,31,311,7.99957737831363,1.34050101131744,0.644661098337085,6721,6603,FALSE
RMQS_2024_BUSSY-LETTREE_400,RMQS_Biodiversite,Systematique_stratifie,Nationale,2024,4.28350622064533,48.8342724406152,794211.861477,6860123.306966,2,21,211,5,1.31481262272817,0.816939014900957,1415,1415,FALSE
RMQS_2024_CAIRANNE_1893,RMQS_Biodiversite,Systematique_stratifie,Nationale,2024,4.92701588816509,44.2166800911093,853955.809791228,6348286.18905488,2,22,221,4,1.14905969697062,0.828871363252444,1062,1062,FALSE
RMQS_2024_CALES_1706,RMQS_Biodiversite,Systematique_stratifie,Nationale,2024,1.51554524633862,44.8178511311097,582652.4754,6414291.16462601,3,31,311,13.9999555962544,2.26708022094626,0.859050282900653,5307,5307,FALSE
RMQS_2024_CASTELNAU-MONTRATIER_1875,RMQS_Biodiversite,Systematique_stratifie,Nationale,2024,1.32315689391354,44.2406504349493,566084.658783,6350492.54510601,2,21,211,5.99999698958215,1.19822186234792,0.668740541606091,4954,4954,FALSE
RMQS_2024_CHENS-SUR-LEMAN_1274,RMQS_Biodiversite,Systematique_stratifie,Nationale,2024,6.28092715602017,46.3317772191028,952317.112966,6586560.858756,2,21,211,10.9999990872729,2.16767466751456,0.903990581704453,4246,4246,FALSE
RMQS_2024_CRECY-SUR-SERRE_137,RMQS_Biodiversite,Systematique_stratifie,Nationale,2024,3.65039504410087,49.7054460263859,746943.6138,6956460.771176,2,21,211,2.99999999999991,0.40972485126327,0.372947631743685,2240,2240,FALSE
RMQS_2024_DAHLENHEIM_476,RMQS_Biodiversite,Systematique_stratifie,Nationale,2024,7.53207205813478,48.5925618400509,1034036.53535,6842072.634976,2,21,211,7.99912654179992,1.1399513225351,0.548229493302016,7311,7311,FALSE
RMQS_2024_DREVANT_1174,RMQS_Biodiversite,Systematique_stratifie,Nationale,2024,2.53499704476721,46.6928659613774,664465.380017,6621523.866646,2,21,211,5,1.08095540146309,0.67163535362993,1769,1769,FALSE
RMQS_2024_EVENOS_2205,RMQS_Biodiversite,Systematique_stratifie,Nationale,2024,5.85371529787471,43.1807256825456,932125.869385901,6235472.40958357,3,31,312,13.9971566326692,2.08936880318718,0.791771214272856,8255,8019,FALSE
RMQS_2024_EYZERAC_1537,RMQS_Biodiversite,Systematique_stratifie,Nationale,2024,0.892398066995418,45.3884443655317,535093.33885,6478760.402826,2,24,242,9,1.98673164880819,0.904200539763115,1770,1770,FALSE
RMQS_2024_FESTES-ET-SAINT-ANDRE_2257,RMQS_Biodiversite,Systematique_stratifie,Nationale,2024,2.12771511077881,42.9518241882324,628751.773561664,6206220.36813096,3,31,311,11.8814009120628,1.6459409228991,0.665033560227633,20988,20988,FALSE
RMQS_2024_GOUTZ_2011,RMQS_Biodiversite,Systematique_stratifie,Nationale,2024,0.738134796235499,43.7995981085167,517971.423374,6302671.980666,2,21,211,6.9999939956498,1.52018362945496,0.781220191639403,4953,4953,FALSE
RMQS_2024_GREZET-CAVAGNAN_1826,RMQS_Biodiversite,Systematique_stratifie,Nationale,2024,0.117461238742218,44.3664478290357,470339.785185,6367238.332346,2,21,211,4,1.12134707220223,0.808880930090761,1297,1297,FALSE
RMQS_2024_ILE-D'ARZ_827,RMQS_Biodiversite,Systematique_stratifie,Nationale,2024,-2.81158007345027,47.5911205616326,263625.337749999,6737259.282226,2,24,242,10.9999913607103,1.95369438131554,0.814754106811142,4836,4836,FALSE
RMQS_2024_ILLOUD_644,RMQS_Biodiversite,Systematique_stratifie,Nationale,2024,5.55313038104552,48.230551833153,889549.95565,6795309.706926,3,31,311,6.99999976795415,1.35832167050729,0.698039266770002,4009,4009,FALSE
RMQS_2024_LA PLAINE_1030,RMQS_Biodiversite,Systematique_stratifie,Nationale,2024,-0.625406540946352,47.0848050528202,425047.1574,6671263.29477601,2,24,242,6.65111521946791,0.272497667839629,0.14381459299821,24290,24290,FALSE
RMQS_2024_LA TAGNIERE_1141,RMQS_Biodiversite,Systematique_stratifie,Nationale,2024,4.21101505944702,46.8204597659373,792322.995986001,6636297.97884601,2,24,243,7.99999979371967,1.63007959406382,0.783902591923768,4010,3892,FALSE
RMQS_2024_LA-TRANCHE-SUR-MER_1237,RMQS_Biodiversite,Systematique_stratifie,Nationale,2024,-1.40321679085194,46.3506497510169,361568.963382999,6592852.490806,2,23,231,4.99995169529992,1.16038524805756,0.72099222007193,6249,6249,FALSE
RMQS_2024_LAGOS_2182,RMQS_Biodiversite,Systematique_stratifie,Nationale,2024,-0.231911972629328,43.2099108298878,437259.93371997,6239899.73746957,2,21,211,3,0.950270539233235,0.864973520717927,590,590,FALSE
RMQS_2024_LANTON_1694,RMQS_Biodiversite,Systematique_stratifie,Nationale,2024,-0.907607097076179,44.7733595204167,390963.459226999,6415894.516466,2,21,211,3,0.943348392329039,0.858672711073255,1180,1180,FALSE
RMQS_2024_LAURIS_2034,RMQS_Biodiversite,Systematique_stratifie,Nationale,2024,5.30087879165883,43.7733624323249,885252.341634806,6299848.44939197,3,31,311,6.140513861412,0.339402385952318,0.187007994699147,38675,38675,FALSE
RMQS_2024_LE MAS_1996,RMQS_Biodiversite,Systematique_stratifie,Nationale,2024,6.90327394449335,43.8563416618755,1013728.0172643,6314125.95041509,3,31,311,9.99410451424488,2.04998656134513,0.890525927009445,11909,11791,FALSE
RMQS_2024_LE PEAGE-DE-ROUSILLON_1556,RMQS_Biodiversite,Systematique_stratifie,Nationale,2024,4.77475157668675,45.3690149100078,838916.494011432,6475962.94861397,2,22,222,8,1.98133251472398,0.952819531114783,1888,1888,FALSE
RMQS_2024_LE PERIER_1686,RMQS_Biodiversite,Systematique_stratifie,Nationale,2024,5.96937133617335,44.9048619493119,934326.724734724,6427258.77313966,3,32,321,1,0,,236,118,TRUE
RMQS_2024_LES COMBES_1064,RMQS_Biodiversite,Systematique_stratifie,Nationale,2024,6.53783195380408,47.0487852584465,968494.828058,6666965.26895601,2,23,231,5.99999999999994,1.56931547931044,0.875851645414527,4246,4246,FALSE
RMQS_2024_LESCAR_2142,RMQS_Biodiversite,Systematique_stratifie,Nationale,2024,-0.43419743028047,43.346012905165,421482.909644511,6255709.57525955,2,21,211,3.99999999999999,1.11769871760404,0.806249198547651,2122,2122,FALSE
RMQS_2024_LEVONCOURT_926,RMQS_Biodiversite,Systematique_stratifie,Nationale,2024,7.20806698950873,47.4531196404966,1016923.91691,6714309.471456,3,31,312,4,1.21488965394912,0.876357639489852,1062,1062,FALSE
RMQS_2024_LINTOT_152,RMQS_Biodiversite,Systematique_stratifie,Nationale,2024,0.555290562591357,49.5559367282316,523059.176608,6942368.857796,2,21,211,4.99999999987303,1.32584983277949,0.823796819098917,2830,2830,FALSE
RMQS_2024_LOSNE_1058,RMQS_Biodiversite,Systematique_stratifie,Nationale,2024,5.27350873305645,47.0870418392033,872453.773758,6667681.510706,2,21,211,6,1.48838634453687,0.830684235299792,1887,1887,FALSE
RMQS_2024_MAISONCELLES-DU-MAINE_730,RMQS_Biodiversite,Systematique_stratifie,Nationale,2024,-0.676113973755391,47.9484894161672,425669.576708,6767286.724596,2,23,231,3,0.736096768144832,0.670024152958666,943,943,FALSE
RMQS_2024_MALTAT_1180,RMQS_Biodiversite,Systematique_stratifie,Nationale,2024,3.78802433819848,46.6825057220501,760230.115817,6620569.17354599,2,23,231,7.99999999997796,1.81449425276218,0.87258728672833,2594,2594,FALSE
RMQS_2024_MAZERAY_1366,RMQS_Biodiversite,Systematique_stratifie,Nationale,2024,-0.567270869874808,45.9346254946214,423684.424299999,6543456.582426,2,21,211,4,1.0723994247411,0.77357266596308,1533,1533,FALSE
RMQS_2024_MENERVAL_157,RMQS_Biodiversite,Systematique_stratifie,Nationale,2024,1.6591608703299,49.5671766642783,602964.433749999,6941704.163976,2,23,231,2,0.562335144618808,0.811278124459133,472,472,TRUE
RMQS_2024_MERCY-LE-HAUT_215,RMQS_Biodiversite,Systematique_stratifie,Nationale,2024,5.84561377272516,49.3740703250416,906674.4733,6923119.059826,3,31,311,5.99999999999982,1.33817580663207,0.74685013787516,2240,2240,FALSE
RMQS_2024_MEZERAY_788,RMQS_Biodiversite,Systematique_stratifie,Nationale,2024,-0.027466457254098,47.8193557784935,473498.708785,6750893.85550601,2,23,231,4,1.12134707220223,0.808880930090761,1297,1297,FALSE
RMQS_2024_MONTJUSTIN-ET-VELOTTE_870,RMQS_Biodiversite,Systematique_stratifie,Nationale,2024,6.37142360891853,47.6294797750949,953120.215642001,6730859.710146,3,31,311,5,1.17036551192144,0.727188978760533,1769,1769,FALSE
RMQS_2024_PARIS_391,RMQS_Biodiversite,Systematique_stratifie,Nationale,2024,2.33579524769974,48.844838275277,651254.385227,6860737.46723601,1,14,141,8.99995891610089,1.66893352988033,0.75956596081647,5779,5779,FALSE
RMQS_2024_PLASSAC-ROUFFIAC_1491,RMQS_Biodiversite,Systematique_stratifie,Nationale,2024,0.0710220240044624,45.5173490694814,471382.030949999,6495115.491176,2,21,211,4,1.08939004460114,0.785828807469935,1179,1179,FALSE
RMQS_2024_PONT-SUR-YONNE_633,RMQS_Biodiversite,Systematique_stratifie,Nationale,2024,3.18548869500691,48.2742531650272,713762.06205,6797118.207526,3,31,313,8.99999999806722,1.89115524482981,0.860701843826709,3185,3067,FALSE
RMQS_2024_PORTA_2312,RMQS_Biodiversite,Systematique_stratifie,Nationale,2024,1.73446702957153,42.5280876159668,595878.318074776,6159534.0017016,3,33,333,8.99999992172999,2.00025472804434,0.910355161959084,3774,3774,FALSE
RMQS_2024_PUIMOISSON_1992,RMQS_Biodiversite,Systematique_stratifie,Nationale,2024,6.10461897406734,43.8921670756657,949416.497673999,6315255.07233268,2,21,211,3,1.01140426470735,0.920619835714305,708,708,FALSE
RMQS_2024_QUINTILLAN_2260,RMQS_Biodiversite,Systematique_stratifie,Nationale,2024,2.7153799533844,42.949275970459,676750.791833173,6205585.37797306,3,31,311,3,0.627933912400359,0.571570078796067,1769,1769,FALSE
RMQS_2024_SAINT-FRONT_1677,RMQS_Biodiversite,Systematique_stratifie,Nationale,2024,4.14437731617619,44.9465981199809,790259.015090195,6428141.92546336,2,23,231,8.9962819345114,1.5474251261551,0.704395991734659,10850,10850,FALSE
RMQS_2024_SAINT-LAURENT-DES-BATONS_1660,RMQS_Biodiversite,Systematique_stratifie,Nationale,2024,0.70364058861398,44.9526610124959,518920.937382,6430794.47614601,2,21,211,7.99999999999977,1.5870478615116,0.763208693152082,2241,2241,FALSE
RMQS_2024_SAINT-MARTIN-DE-LANSUSCLE_1887,RMQS_Biodiversite,Systematique_stratifie,Nationale,2024,3.7226445983764,44.2375443985216,757718.230201133,6348989.62073102,3,32,322,6,1.5857708352081,0.885035554404686,1652,1534,FALSE
RMQS_2024_SAINT-MAURICE-DES-LIONS_1372,RMQS_Biodiversite,Systematique_stratifie,Nationale,2024,0.672536029377586,45.9598382118547,519765.34065,6542670.327526,2,23,231,7.99975848603484,1.44357627779043,0.694223524564735,6249,6249,FALSE
RMQS_2024_SAINT-PIERRE-DE-MAILLE_1166,RMQS_Biodiversite,Systematique_stratifie,Nationale,2024,0.860928957263222,46.6834260740623,536527.008428,6622585.198866,2,21,211,4.99999999999867,1.41743607955505,0.880702553732917,2476,2476,FALSE
RMQS_2024_SAINTE-MARGUERITE-D'ELLE_223,RMQS_Biodiversite,Systematique_stratifie,Nationale,2024,-0.971023266931689,49.2362523222868,410876.4609,6911334.819676,2,23,231,2,0.644192250360123,0.929372964973651,3419,3419,FALSE
RMQS_2024_SAIZERAIS_408,RMQS_Biodiversite,Systematique_stratifie,Nationale,2024,6.02441183229234,48.7932010535351,922128.101583,6859045.325046,2,21,211,7,1.83437197028162,0.94268071481726,1180,1180,FALSE
RMQS_2024_SAVIGNY-SUR-BRAYE_792,RMQS_Biodiversite,Systematique_stratifie,Nationale,2024,0.826715632239393,47.8334896790882,537428.6405,6750359.02052601,3,31,311,8.97183344166636,1.66781423338761,0.760139371525916,14150,14150,FALSE
RMQS_2024_SOUVIGNE_1243,RMQS_Biodiversite,Systematique_stratifie,Nationale,2024,-0.172179021232904,46.3766366548151,456241.580383999,6591196.885106,2,23,231,5,1.56138324233492,0.970141954698645,3183,3183,FALSE
RMQS_2024_SUIPPES_291,RMQS_Biodiversite,Systematique_stratifie,Nationale,2024,4.51525817503008,49.1161109411299,810619.56595,6891761.491776,2,21,211,5.99999999998885,1.29985103995227,0.725460678331804,2595,2595,FALSE
RMQS_2024_TRIZAC_1587,RMQS_Biodiversite,Systematique_stratifie,Nationale,2024,2.52555216920108,45.2538548457955,662783.432500168,6461724.24323297,2,23,231,7.99999999999728,1.95134960625207,0.938400799993649,2714,2478,FALSE
RMQS_2024_VITRY-EN-MONTAGNE_812,RMQS_Biodiversite,Systematique_stratifie,Nationale,2024,5.10079251722604,47.8106367801133,857217.49455,6747673.96797601,2,21,211,8.99999999531801,1.65164824716877,0.751697511759211,3185,3185,FALSE
RMQS_2024_VONNAS_1310,RMQS_Biodiversite,Systematique_stratifie,Nationale,2024,5.02443580687463,46.228868438387,856008.34915,6571889.87917601,2,21,211,3.99995169529992,0.668413820514934,0.48216285226257,6249,6249,FALSE
35,RMQS_Biodiversite,Systematique_stratifie,Nationale,2021,1.87296682604827,50.4300584069155,619807.4,7037520.49,2,23,231,2,0.693147180559945,1,236,236,TRUE
69,RMQS_Biodiversite,Systematique_stratifie,Nationale,2021,3.66325634540751,50.1365687339734,747468.76,7004460.29,2,24,,4,1.08939004460114,0.785828807469935,1179,1179,FALSE
83,RMQS_Biodiversite,Systematique_stratifie,Nationale,2021,2.99108784915001,49.9983835532525,699360.42,6988875.08,2,24,,7,1.81951134896986,0.935043866158558,1888,1888,FALSE
165,RMQS_Biodiversite,Systematique_stratifie,Nationale,2021,3.42743370535925,49.5641987393674,730936.2,6940632.64,3,31,,8.92849679619242,0.912736343492166,0.416917737568281,16036,16036,FALSE
227,RMQS_Biodiversite,Systematique_stratifie,Nationale,2021,-0.0933946739541355,49.2570730241652,474828.5,6910790.47,2,23,231,9.99999999808228,2.03441505340754,0.883535231669388,3066,3066,FALSE
231,RMQS_Biodiversite,Systematique_stratifie,Nationale,2021,0.784921412657596,49.2716407659471,538787.42,6910261.14,2,24,,4,1.38629436111989,1,472,472,TRUE
395,RMQS_Biodiversite,Systematique_stratifie,Nationale,2021,3.19445684902454,48.8472598800423,714270.57,6860819.29,3,31,,12.9711487982499,1.78094250334377,0.694940236976273,12265,12265,FALSE
581,RMQS_Biodiversite,Systematique_stratifie,Nationale,2021,4.69938355952997,48.3952244625233,825784.31,6811901.29,3,31,,7,1.79865220625213,0.924324387292664,1416,1298,FALSE
605,RMQS_Biodiversite,Systematique_stratifie,Nationale,2021,-2.84157262078275,48.1609484213974,266057.17,6800568.23,2,24,,14.9966349261816,2.09328041718075,0.773048394786785,7901,7901,FALSE
665,RMQS_Biodiversite,Systematique_stratifie,Nationale,2021,-2.39932999343919,48.0354939941889,297903.4,6784320.63,2,24,,5.99974910587636,1.2638215212568,0.705368683160514,7546,7428,FALSE
684,RMQS_Biodiversite,Systematique_stratifie,Nationale,2021,1.67835846559393,48.1293129607976,601677.63,6781816.68,2,24,,5.99999999998885,1.54050943512792,0.859774686048244,2595,2595,FALSE
778,RMQS_Biodiversite,Systematique_stratifie,Nationale,2021,-2.16062444302297,47.7566559738226,313630.8,6752214.93,2,23,231,3.99999999999999,1.04219698627072,0.751786211861101,2358,2122,FALSE
797,RMQS_Biodiversite,Systematique_stratifie,Nationale,2021,1.89567645472476,47.842558300406,617398.03,6749706.9,,,,7.99999999997213,1.61593680449201,0.777101338078162,2595,2595,FALSE
1010,RMQS_Biodiversite,Systematique_stratifie,Nationale,2021,4.64856600262129,47.2445916794007,824692.49,6684000.33,2,24,,4.99999999737445,1.33261768475335,0.828001922219355,3302,3302,FALSE
1096,RMQS_Biodiversite,Systematique_stratifie,Nationale,2021,4.00566175415003,46.9677465881589,776460.27,6652435.42,3,31,,13.6198379935007,1.96385495020898,0.751994769716748,25115,25115,FALSE
1150,RMQS_Biodiversite,Systematique_stratifie,Nationale,2021,6.09613174702238,46.7741853116964,936187.07,6635081.7,2,23,231,4.99949773620597,0.623302770041435,0.387303960551208,7429,7429,FALSE
1158,RMQS_Biodiversite,Systematique_stratifie,Nationale,2021,-0.812807198893418,46.6485257123228,408506.54,6623533.78,2,23,231,4,1.17129084612702,0.844907747573043,1769,1769,FALSE
1544,RMQS_Biodiversite,Systematique_stratifie,Nationale,2021,2.32377723578518,45.3964516831683,647091.78,6477675.3,3,31,,8.96079572647866,1.4777702653064,0.673901169147105,15447,15211,FALSE
1606,RMQS_Biodiversite,Systematique_stratifie,Nationale,2021,6.39565347796348,45.178425618188,966641,6458969.46,3,,,2,0.636514168294813,0.918295834054489,354,354,TRUE
1716,RMQS_Biodiversite,Systematique_stratifie,Nationale,2021,3.53702552568002,44.8142359541788,742457.27,6412930.93,3,,,7,1.63190496092683,0.83863325432527,1533,1533,FALSE
1961,RMQS_Biodiversite,Systematique_stratifie,Nationale,2021,-0.0646614475812049,43.9309516487008,453959.18,6319436.09,2,22,,7.99755418865676,1.66640444743376,0.801488999740265,8607,8607,FALSE
2035,RMQS_Biodiversite,Systematique_stratifie,Nationale,2021,5.50042109504388,43.7675277909496,901333.61,6299688.82,,,,5,1.47080847632211,0.913864688385321,1180,1180,FALSE
2043,RMQS_Biodiversite,Systematique_stratifie,Nationale,2021,7.08532222770996,43.7096480488876,1029190.52,6298586.32,3,31,,8.99964349520703,1.47536429183365,0.671479331689049,6840,6840,FALSE
2271,RMQS_Biodiversite,Systematique_stratifie,Nationale,2021,0.373079227819483,42.7891597901176,484866.66,6191316.64,2,23,231,4,1.21488965394912,0.876357639489853,1062,1062,FALSE
2284,RMQS_Biodiversite,Systematique_stratifie,Nationale,2021,2.90989261617502,42.8057152307726,692621.34,6189583.16,2,24,,1,0,,118,118,TRUE
2304,RMQS_Biodiversite,Systematique_stratifie,Nationale,2021,2.90847522364071,42.6620252526446,692486.75,6173602.3,,,,5.99844406604963,0.872635739446914,0.487097786364396,9434,9434,FALSE
2322,RMQS_Biodiversite,Systematique_stratifie,Nationale,2021,8.91207637271227,42.3159055199833,1187748.12,6153361.63,3,31,,4,0.895671090744173,0.646090120442114,1651,1651,FALSE
2341,RMQS_Biodiversite,Systematique_stratifie,Nationale,2021,9.07177012068534,42.0175796641402,1203447.54,6121260.85,3,,,1,0,,943,943,FALSE
312,RMQS_BioDiv_Bretagne,Systematique_simple,Regionale,,-3.13081814774126,48.8687423766164,250715.48,6880640.95,2,23,231,6.68614891408357,1.32228474176898,0.69592539718895,41858,41858,FALSE
362,RMQS_BioDiv_Bretagne,Systematique_simple,Regionale,,-4.41519071007624,48.6583547811806,154652.16,6865423.37,2,24,,2.99999998880461,0.467835928096192,0.425842614825041,3538,3538,FALSE
363,RMQS_BioDiv_Bretagne,Systematique_simple,Regionale,,-4.19884770928477,48.6704984340169,170641.18,6865295.43,2,24,,8.97082514791596,1.40223987076863,0.639131334528973,14266,14266,FALSE
364,RMQS_BioDiv_Bretagne,Systematique_simple,Regionale,,-3.9824053242029,48.6822463371782,186630.21,6865167.17,2,24,,9.90295774037393,1.59072988325684,0.6937834348523,24052,24052,FALSE
365,RMQS_BioDiv_Bretagne,Systematique_simple,Regionale,,-3.76586698201506,48.6935987642495,202619.24,6865038.65,2,23,231,8.59775998118229,1.22637675773105,0.570009661891185,34902,34902,FALSE
366,RMQS_BioDiv_Bretagne,Systematique_simple,Regionale,,-3.5492355344941,48.7045557596518,218608.3,6864909.9,2,23,231,9.99082936681931,1.05673220766693,0.459115905169532,10495,10495,FALSE
368,RMQS_BioDiv_Bretagne,Systematique_simple,Regionale,,-3.11570959555452,48.7252843150254,250586.28,6864651.93,2,23,231,7.99997779810661,1.4379886610871,0.691527292986563,5307,5307,FALSE
418,RMQS_BioDiv_Bretagne,Systematique_simple,Regionale,,-5.04324580144651,48.476359270718,106558.34,6849816.96,2,23,231,7.99999894773025,1.79885056919711,0.865064319879402,4600,4600,FALSE
420,RMQS_BioDiv_Bretagne,Systematique_simple,Regionale,,-4.61226392199721,48.5025497833793,138535.63,6849562.25,2,23,231,4.99999790222049,0.820927351484386,0.510070975180493,4599,4599,FALSE
421,RMQS_BioDiv_Bretagne,Systematique_simple,Regionale,,-4.39661313455482,48.5150553664537,154524.37,6849434.57,2,23,231,11.9999849478978,2.04665450682343,0.823634779245437,4954,4954,FALSE
422,RMQS_BioDiv_Bretagne,Systematique_simple,Regionale,,-4.18086038393732,48.527166959649,170513.14,6849306.62,2,24,,11.986063473725,1.44410063458407,0.581420745085675,10731,10731,FALSE
423,RMQS_BioDiv_Bretagne,Systematique_simple,Regionale,,-3.9650089388238,48.5388839321289,186501.93,6849178.36,2,23,231,6.99997779806548,0.847780577289285,0.435673743482767,5307,5307,FALSE
424,RMQS_BioDiv_Bretagne,Systematique_simple,Regionale,,-3.74906256880822,48.5502062664448,202490.7,6849049.82,2,23,231,8.99999999968259,1.79105907358246,0.815146113003424,2830,2830,FALSE
425,RMQS_BioDiv_Bretagne,Systematique_simple,Regionale,,-3.53302375403256,48.5611344803071,218479.51,6848921.08,2,24,,3.99996793978889,0.906998666079782,0.654265021562066,6014,6014,FALSE
426,RMQS_BioDiv_Bretagne,Systematique_simple,Regionale,,-3.31689653694794,48.5716685599883,234468.3,6848792.17,3,31,,6.99999999999443,1.79443736897947,0.922158389405264,2595,2595,FALSE
427,RMQS_BioDiv_Bretagne,Systematique_simple,Regionale,,-3.10068450709985,48.5818080786968,250457.04,6848663.07,3,31,,9.999999293469,2.0828785567175,0.904582691413462,12027,12027,FALSE
428,RMQS_BioDiv_Bretagne,Systematique_simple,Regionale,,-2.8843896970603,48.5915519769175,266445.81,6848533.68,2,23,231,10.9996439887744,2.01625352261599,0.840854377542007,6839,6839,FALSE
430,RMQS_BioDiv_Bretagne,Systematique_simple,Regionale,,-2.45156381047875,48.6098529153399,298423.51,6848274.12,2,24,,9.99705138581059,1.15864257448054,0.503256531462385,8491,8491,FALSE
431,RMQS_BioDiv_Bretagne,Systematique_simple,Regionale,,-2.2350409361558,48.6184104656144,314412.32,6848144.06,2,24,,3.99999750126796,1.02565894438901,0.739856869746346,14150,14150,FALSE
480,RMQS_BioDiv_Bretagne,Systematique_simple,Regionale,,-4.59320185849993,48.3592660584759,138408.07,6833573.67,2,23,231,8.94332675322265,1.37780032754232,0.628871935256028,32779,32779,FALSE
481,RMQS_BioDiv_Bretagne,Systematique_simple,Regionale,,-4.37813728803268,48.3717384722921,154396.56,6833445.96,2,23,231,7.99999999945219,1.83523509387652,0.882561522962746,2948,2948,FALSE
482,RMQS_BioDiv_Bretagne,Systematique_simple,Regionale,,-4.16297186693519,48.383817996376,170385.06,6833317.99,2,23,231,13.9978749098345,2.38969193413396,0.905561760602875,8136,8136,FALSE
483,RMQS_BioDiv_Bretagne,Systematique_simple,Regionale,,-3.94770844577397,48.3955041162366,186373.59,6833189.73,2,23,231,5,1.41274463686385,0.877787596495242,1534,1534,FALSE
484,RMQS_BioDiv_Bretagne,Systematique_simple,Regionale,,-3.73235062990154,48.4067968230434,202362.12,6833061.21,2,23,231,4,0.983495847615648,0.709442291044992,1415,1415,FALSE
485,RMQS_BioDiv_Bretagne,Systematique_simple,Regionale,,-3.51690136714758,48.4176962462454,218350.67,6832932.47,2,24,,10.9017105739724,1.84706592925367,0.773180413422371,17569,17569,FALSE
486,RMQS_BioDiv_Bretagne,Systematique_simple,Regionale,,-3.30136398987333,48.4282023211439,234339.23,6832803.53,2,23,231,9.88386204693853,1.66504030016582,0.726805133052227,16979,16979,FALSE
488,RMQS_BioDiv_Bretagne,Systematique_simple,Regionale,,-2.87003876036155,48.4480327459258,266316.29,6832544.97,2,24,,5.99999999980955,1.31052670334667,0.731418879529908,2830,2830,FALSE
489,RMQS_BioDiv_Bretagne,Systematique_simple,Regionale,,-2.65425604838017,48.4573563688056,282304.88,6832415.31,2,24,,3,1.09861228866811,1,354,354,TRUE
491,RMQS_BioDiv_Bretagne,Systematique_simple,Regionale,,-2.22246705995433,48.4748211884617,314282.15,6832155.43,2,24,,8.99925599811956,1.69734528522285,0.772524195993696,7783,7783,FALSE
492,RMQS_BioDiv_Bretagne,Systematique_simple,Regionale,,-2.0064671820417,48.4829617335483,330270.83,6832025.18,3,31,,8.99999942666243,1.84507790168941,0.83973116549636,4128,4128,FALSE
493,RMQS_BioDiv_Bretagne,Systematique_simple,Regionale,,-1.79040181283316,48.4907081332729,346259.51,6831894.8,2,23,231,11.9999832816951,2.02318733509431,0.814190935338383,5190,5190,FALSE
496,RMQS_BioDiv_Bretagne,Systematique_simple,Regionale,,-1.14184687327374,48.5115787798999,394225.4,6831502.66,2,24,,8.99790029537031,1.70734940123008,0.777130724366149,17570,17570,FALSE
539,RMQS_BioDiv_Bretagne,Systematique_simple,Regionale,,-4.35976306214004,48.228405361709,154268.68,6817457.58,2,23,231,8.97524215075675,0.878479586350438,0.400315165182901,11910,11910,FALSE
540,RMQS_BioDiv_Bretagne,Systematique_simple,Regionale,,-4.14518141363956,48.2404529382545,170256.94,6817329.59,2,23,231,8.99964732380618,1.48638191791882,0.676493628832655,6484,6484,FALSE
541,RMQS_BioDiv_Bretagne,Systematique_simple,Regionale,,-3.93050297590916,48.2521082014405,186245.2,6817201.32,2,23,231,4,1.32088834314932,0.952819531114783,944,944,FALSE
542,RMQS_BioDiv_Bretagne,Systematique_simple,Regionale,,-3.71573067874677,48.2633713637429,202233.48,6817072.82,2,24,,9.93927969227505,1.03600798517987,0.451125818723367,13679,13679,FALSE
543,RMQS_BioDiv_Bretagne,Systematique_simple,Regionale,,-3.50086752035401,48.2742420989802,218221.79,6816944.08,2,24,,9.99304108385893,1.7915263031503,0.778285284370767,10730,10730,FALSE
544,RMQS_BioDiv_Bretagne,Systematique_simple,Regionale,,-3.28591693279974,48.284720246145,234210.11,6816815.11,2,23,231,14.5119469990077,1.29709050159207,0.48489867731693,21343,21343,FALSE
545,RMQS_BioDiv_Bretagne,Systematique_simple,Regionale,,-3.0708823342147,48.29480547518,250198.42,6816685.9,2,24,,11.9999999980521,2.35502432245752,0.947731506458113,3068,3068,FALSE
546,RMQS_BioDiv_Bretagne,Systematique_simple,Regionale,,-2.85576663413108,48.3044976723784,266186.74,6816556.46,2,24,,7.99999992793327,1.80470331811577,0.867878846200228,7546,7546,FALSE
547,RMQS_BioDiv_Bretagne,Systematique_simple,Regionale,,-2.64057264176176,48.3137970061682,282175.1,6816426.83,2,23,231,11.5087284077795,1.47712063274091,0.604607737144699,45044,45044,FALSE
548,RMQS_BioDiv_Bretagne,Systematique_simple,Regionale,,-2.42530378421247,48.3227030812525,298163.48,6816296.99,2,24,,6.99999999974607,1.51408465337339,0.778085593590568,2830,2830,FALSE
550,RMQS_BioDiv_Bretagne,Systematique_simple,Regionale,,-1.99455221081448,48.339334864132,330140.45,6816036.69,2,24,,7.99999999999982,1.68517805623048,0.81039934157955,2241,2241,FALSE
552,RMQS_BioDiv_Bretagne,Systematique_simple,Regionale,,-1.56354045409137,48.3543932379091,362117.44,6815775.76,2,23,231,9.91645038937054,1.23595861094493,0.538733016521205,16744,16744,FALSE
554,RMQS_BioDiv_Bretagne,Systematique_simple,Regionale,,-1.13229498220498,48.3678757885331,394094.38,6815514.08,2,23,231,8.99999997760922,1.91863843935794,0.873209985597563,3538,3538,FALSE
597,RMQS_BioDiv_Bretagne,Systematique_simple,Regionale,,-4.55539061370157,48.0726504598195,138152.78,6801597.18,2,24,,6.99989967131223,1.50349516699516,0.772649365096617,6720,6720,FALSE
598,RMQS_BioDiv_Bretagne,Systematique_simple,Regionale,,-4.34148920464489,48.0850568253095,154140.76,6801469.41,2,23,231,3.99925666294046,0.291821892054227,0.210533223074617,7782,7782,FALSE
599,RMQS_BioDiv_Bretagne,Systematique_simple,Regionale,,-4.12748861556326,48.0970726152878,170128.75,6801341.41,2,24,,13.7433377702938,1.1391663942677,0.434704385268059,18985,18985,FALSE
600,RMQS_BioDiv_Bretagne,Systematique_simple,Regionale,,-3.91339165727116,48.1086974079235,186116.77,6801213.16,2,24,,4,1.1037126460899,0.796160380540168,1887,1887,FALSE
601,RMQS_BioDiv_Bretagne,Systematique_simple,Regionale,,-3.69920144203624,48.1199309515789,202104.82,6801084.66,2,24,,4.99999988397708,1.25093865697485,0.777251899775837,4009,4009,FALSE
602,RMQS_BioDiv_Bretagne,Systematique_simple,Regionale,,-3.48492134725143,48.1307728984295,218092.88,6800955.9,2,23,231,3,0.70890765281669,0.64527555364971,2005,2005,FALSE
603,RMQS_BioDiv_Bretagne,Systematique_simple,Regionale,,-3.27055426674605,48.1412232981469,234080.97,6800826.91,3,31,,7.99999999999977,1.80551494922852,0.868269154500968,2242,2242,FALSE
604,RMQS_BioDiv_Bretagne,Systematique_simple,Regionale,,-3.05610359232688,48.1512818205251,250069.07,6800697.68,2,24,,8.99603862800159,1.78421583330885,0.812194356346366,9787,9787,FALSE
605,RMQS_BioDiv_Bretagne,Systematique_simple,Regionale,,-2.84157262078275,48.1609484213974,266057.17,6800568.23,2,23,231,11.9999832816951,2.07644492314991,0.83562337744629,5190,5190,FALSE
606,RMQS_BioDiv_Bretagne,Systematique_simple,Regionale,,-2.62696424122382,48.1702229955033,282045.29,6800438.57,2,23,231,7.81853811522225,1.45526977834655,0.707644775115094,21341,21341,FALSE
607,RMQS_BioDiv_Bretagne,Systematique_simple,Regionale,,-2.41228148198668,48.1791054378677,298033.44,6800308.71,2,23,231,5,1.5498260458782,0.962961064794514,826,826,FALSE
608,RMQS_BioDiv_Bretagne,Systematique_simple,Regionale,,-2.19752683042752,48.1875955848358,314021.67,6800178.65,2,24,,10,2.20478541691352,0.957526140346302,1534,1534,FALSE
609,RMQS_BioDiv_Bretagne,Systematique_simple,Regionale,,-1.98270331660015,48.1956932535251,330009.99,6800048.39,2,23,231,6,1.5857708352081,0.885035554404686,1534,1534,FALSE
610,RMQS_BioDiv_Bretagne,Systematique_simple,Regionale,,-1.76781494948214,48.2033985896936,345998.34,6799917.97,2,24,,2,0.644192250360123,0.929372964973651,3419,3419,FALSE
611,RMQS_BioDiv_Bretagne,Systematique_simple,Regionale,,-1.55286586566468,48.2107116585573,361986.65,6799787.42,3,31,,15.8740719861427,1.66856071851583,0.603526065305693,15566,15566,FALSE
612,RMQS_BioDiv_Bretagne,Systematique_simple,Regionale,,-1.33785837494609,48.2176316166851,377974.98,6799656.66,2,24,,5.690240372271,0.912363134554177,0.524722833633284,26294,26294,FALSE
656,RMQS_BioDiv_Bretagne,Systematique_simple,Regionale,,-4.32331491433934,47.9416938949484,154012.8,6785481.46,2,23,231,8.99999999735698,1.9468271384406,0.88603921455358,3303,3303,FALSE
657,RMQS_BioDiv_Bretagne,Systematique_simple,Regionale,,-4.10989190408342,47.9536781971446,170000.55,6785353.47,2,24,,9.72742994712209,1.6405773343573,0.721148831034866,24879,24879,FALSE
658,RMQS_BioDiv_Bretagne,Systematique_simple,Regionale,,-3.89637332492771,47.9652727004306,185988.33,6785225.25,2,24,,6.87710393635387,1.32196718356087,0.685597351233565,21459,21459,FALSE
659,RMQS_BioDiv_Bretagne,Systematique_simple,Regionale,,-3.68276220559453,47.9764767063553,201976.14,6785096.75,2,23,231,7.7500567452677,1.52886499291395,0.746625418513667,41269,41269,FALSE
660,RMQS_BioDiv_Bretagne,Systematique_simple,Regionale,,-3.46906190118676,47.9872898683085,217963.96,6784967.96,2,24,,12.5361639098073,1.44975708209685,0.573339793849551,31011,31011,FALSE
662,RMQS_BioDiv_Bretagne,Systematique_simple,Regionale,,-3.04140574448162,48.0077448364838,249939.68,6784709.74,2,24,,10.9901035564812,1.98888200065769,0.829739670730341,10141,10141,FALSE
663,RMQS_BioDiv_Bretagne,Systematique_simple,Regionale,,-2.82745618825556,48.0173856556931,265927.57,6784580.25,2,24,,14.5919056262305,1.72530930506782,0.643659976815343,22169,22169,FALSE
664,RMQS_BioDiv_Bretagne,Systematique_simple,Regionale,,-2.61343011176224,48.0266353709451,281915.46,6784450.54,3,31,,8.99999999999998,2.02915456281091,0.923508039979664,2124,2124,FALSE
665,RMQS_BioDiv_Bretagne,Systematique_simple,Regionale,,-2.39932999343919,48.0354939941889,297903.4,6784320.63,2,24,,5.99999999856171,1.13948154785263,0.635956760700701,3066,3066,FALSE
666,RMQS_BioDiv_Bretagne,Systematique_simple,Regionale,,-2.18515872492095,48.0439616130123,313891.41,6784190.55,2,23,231,9.98263117150306,1.30451779218184,0.566972928780362,10730,10730,FALSE
667,RMQS_BioDiv_Bretagne,Systematique_simple,Regionale,,-1.97091917407844,48.0520380521137,329879.51,6784060.3,2,24,,4,1.23674847293975,0.892125444368586,2004,2004,FALSE
668,RMQS_BioDiv_Bretagne,Systematique_simple,Regionale,,-1.75661513624293,48.059722924978,345867.65,6783929.86,2,23,231,6.99983094535391,1.30706650626994,0.671707647594062,6603,6603,FALSE
669,RMQS_BioDiv_Bretagne,Systematique_simple,Regionale,,-1.54225017901515,48.0670162278784,361855.8,6783799.25,2,24,,8.99999984345999,1.60880188206516,0.732197296259503,3774,3774,FALSE
670,RMQS_BioDiv_Bretagne,Systematique_simple,Regionale,,-1.32782691241742,48.0739177334188,377844,6783668.46,2,24,,11.7595868490232,1.39855613666641,0.567441812470056,19691,19691,FALSE
713,RMQS_BioDiv_Bretagne,Systematique_simple,Regionale,,-4.30523943552977,47.7983178691193,153884.8,6769493.77,3,31,,10.7427228258013,1.83866330571279,0.774425563759692,43509,43509,FALSE
715,RMQS_BioDiv_Bretagne,Systematique_simple,Regionale,,-3.8794472258605,47.8218350177407,185859.88,6769237.59,2,23,231,5.99999999767578,1.48187267941727,0.82704888975755,3184,3184,FALSE
716,RMQS_BioDiv_Bretagne,Systematique_simple,Regionale,,-3.66641209572266,47.8330094842648,201847.45,6769109.08,2,23,231,4.9988978798432,0.710946264372345,0.441796264476537,35138,35138,FALSE
717,RMQS_BioDiv_Bretagne,Systematique_simple,Regionale,,-3.45328877836119,47.843794200694,217835.01,6768980.29,2,23,231,10.986654322897,1.80760120235234,0.754210085314678,11203,11203,FALSE
718,RMQS_BioDiv_Bretagne,Systematique_simple,Regionale,,-3.24007999877622,47.8541893174893,233822.59,6768851.26,2,24,,10.8092771611708,1.65848869904368,0.696725500491595,24878,24878,FALSE
719,RMQS_BioDiv_Bretagne,Systematique_simple,Regionale,,-3.02678831910298,47.8641947283651,249810.23,6768722,3,31,,9,2.04493117484959,0.930688285550101,1652,1652,FALSE
721,RMQS_BioDiv_Bretagne,Systematique_simple,Regionale,,-2.59996988866179,47.8830347861855,281785.59,6768462.71,2,23,231,7.96840175337653,1.23247544117452,0.593825573641237,12498,12498,FALSE
722,RMQS_BioDiv_Bretagne,Systematique_simple,Regionale,,-2.38644915301724,47.8918697567569,297773.33,6768332.76,2,24,,3,1.07899220787758,0.982141032834875,826,826,FALSE
723,RMQS_BioDiv_Bretagne,Systematique_simple,Regionale,,-2.17285798371352,47.9003148308846,313761.13,6768202.65,2,24,,5.99999976795417,1.36075488500436,0.759451777844874,4009,4009,FALSE
724,RMQS_BioDiv_Bretagne,Systematique_simple,Regionale,,-1.95919936520945,47.9083699192369,329749,6768072.39,2,23,231,3.99999999999995,1.01045561787553,0.728889654473718,2241,2241,FALSE
725,RMQS_BioDiv_Bretagne,Systematique_simple,Regionale,,-1.74547649724839,47.9160343001828,345736.93,6767941.92,2,24,,1,0,,118,118,TRUE
726,RMQS_BioDiv_Bretagne,Systematique_simple,Regionale,,-1.53169238814379,47.9233079900996,361724.93,6767811.26,2,23,231,5.99999857531805,1.31566015244679,0.734284009319157,4482,4482,FALSE
727,RMQS_BioDiv_Bretagne,Systematique_simple,Regionale,,-1.31785059070794,47.9301910829872,377712.97,6767680.44,2,24,,8.98410186638015,1.45768168551617,0.663953782880256,14503,14503,FALSE
772,RMQS_BioDiv_Bretagne,Systematique_simple,Regionale,,-3.43760130238401,47.7002870106157,217706.03,6752992.91,2,24,,5.99999999999999,1.54225025464813,0.860746255920491,2122,2122,FALSE
774,RMQS_BioDiv_Bretagne,Systematique_simple,Regionale,,-3.01225094180999,47.7206325067936,249680.7,6752734.47,2,24,,9.99999441334241,1.98890343568479,0.863769996728974,5191,5191,FALSE
777,RMQS_BioDiv_Bretagne,Systematique_simple,Regionale,,-2.37363904501947,47.7482335382835,297643.18,6752345.09,3,31,,6.99999999474889,1.58717797778161,0.815648132142177,3302,3302,FALSE
778,RMQS_BioDiv_Bretagne,Systematique_simple,Regionale,,-2.16062444302297,47.7566559738226,313630.8,6752214.93,2,23,231,2,0.636514168294813,0.918295834054489,354,354,TRUE
779,RMQS_BioDiv_Bretagne,Systematique_simple,Regionale,,-1.94754347670951,47.7646895119933,329618.45,6752084.63,2,24,,9.93185037264122,1.83024343842115,0.79723227167081,17686,17686,FALSE
780,RMQS_BioDiv_Bretagne,Systematique_simple,Regionale,,-1.73439812871808,47.7723335734571,345606.21,6751954.14,2,24,,3,0.898273831219999,0.817644077428818,1179,1179,FALSE
826,RMQS_BioDiv_Bretagne,Systematique_simple,Regionale,,-2.99779248669566,47.5770595803246,249551.13,6736747.2,2,24,,8.99778988002954,1.38916551419838,0.632307149009374,8490,8490,FALSE
828,RMQS_BioDiv_Bretagne,Systematique_simple,Regionale,,-2.57327118247854,47.5957985333948,281525.55,6736487.67,2,23,231,9.76448759078407,0.931653865446222,0.408843888718114,41977,41977,FALSE
829,RMQS_BioDiv_Bretagne,Systematique_simple,Regionale,,-2.36089961113793,47.6045860658214,297512.91,6736357.6,2,24,,8.99999999999861,1.99916381358184,0.90985866178761,2360,2360,FALSE
830,RMQS_BioDiv_Bretagne,Systematique_simple,Regionale,,-2.14845807384034,47.612985769228,313500.38,6736227.37,2,24,,7.99999859608175,1.75243178487628,0.842741619633687,4362,4362,FALSE
Alea1,ANDRA,Systematique_stratifie,Locale,2013,5.26530103520288,48.5129787460213,867286.654832056,6826036.74350784,2,21,211,11.9993972128807,2.03579966485375,0.819282615899652,6721,6721,FALSE
Alea10,ANDRA,Systematique_stratifie,Locale,2013,5.37853689299536,48.5583506279104,875494.455803182,6831324.09792447,2,21,211,9.99999942666238,1.9876416100118,0.863221804723418,4128,4128,FALSE
Alea12,ANDRA,Systematique_stratifie,Locale,2013,5.2849814311846,48.4679714663454,868884.3531399,6821077.67169303,2,21,211,8.99999993320909,1.72483750754039,0.785007382111654,3537,3537,FALSE
Alea13,ANDRA,Systematique_stratifie,Locale,2013,5.36352893588607,48.5620420275461,874375.181385527,6831701.02544414,2,21,211,10.9999753004531,1.67952296720946,0.700416135344787,5071,5071,FALSE
Alea14,ANDRA,Systematique_stratifie,Locale,2013,5.35502944793158,48.5967602935791,873633.203281072,6835540.15457037,3,31,311,13.9991253648366,2.15757362506148,0.817574017629209,7312,7312,FALSE
Alea15,ANDRA,Systematique_stratifie,Locale,2013,5.32444364710331,48.4873102822973,871736.921765439,6823311.56548979,2,21,211,11.985753084342,1.50957756429767,0.607789265102748,10376,10376,FALSE
Alea16,ANDRA,Systematique_stratifie,Locale,2013,5.40820666832184,48.5993077791963,877544.051227048,6835941.48057071,2,21,211,13.9998022458182,2.1952025514014,0.831817587485415,6132,6132,FALSE
Alea2,ANDRA,Systematique_stratifie,Locale,2013,5.41685805346914,48.5522109965867,878341.898882081,6830727.75146629,3,31,311,8.99312117096869,1.74760975007832,0.795648349317198,12144,12144,FALSE
Alea4,ANDRA,Systematique_stratifie,Locale,2013,5.46007091435936,48.5894003911276,881400.806012843,6834958.48113574,3,31,311,6.99999999999463,1.52736953690676,0.784912673202749,2477,2477,FALSE
Alea6,ANDRA,Systematique_stratifie,Locale,2013,5.2650915242166,48.466433175567,867419.587577878,6820864.39235492,2,21,211,7.99999999963166,1.92620915021413,0.926310796263468,2949,2949,FALSE
Alea8,ANDRA,Systematique_stratifie,Locale,2013,5.32602057567897,48.5125035736255,871770.912365715,6826114.30646026,2,21,211,6,1.66746193342929,0.930628224416578,944,944,FALSE
I11,ANDRA,Systematique_stratifie,Locale,2012,5.24601985225558,48.5680716703899,865688.994561795,6832118.00370967,2,21,211,10.9999999999997,2.27811796231103,0.950048981769111,2242,2242,FALSE
I13,ANDRA,Systematique_stratifie,Locale,2012,5.24186270218956,48.5430575125746,865461.342521182,6829329.67379505,2,21,211,8.99999259931402,1.93682069452289,0.881485415439581,5307,5307,FALSE
I14,ANDRA,Systematique_stratifie,Locale,2012,5.24141345629657,48.5296230217297,865470.581563036,6827835.89228636,2,21,211,6,1.5857708352081,0.885035554404686,1534,1534,FALSE
I15,ANDRA,Systematique_stratifie,Locale,2012,5.24055391753535,48.5176970706181,865444.756321582,6826508.89306206,3,31,313,12.9994913332705,1.88906331296095,0.736502701724567,6605,6605,FALSE
I16,ANDRA,Systematique_stratifie,Locale,2012,5.2396255452637,48.5028352141322,865423.07471282,6824855.53242173,3,31,311,19.99579322745,2.50946506184617,0.837738843144915,7901,7901,FALSE
J11,ANDRA,Systematique_stratifie,Locale,2012,5.26244410901375,48.5692856333446,866896.416240537,6832287.49114035,2,21,211,5.99999999980776,1.36949063965534,0.764327278967777,2831,2831,FALSE
J12,ANDRA,Systematique_stratifie,Locale,2012,5.26327447458455,48.5560820802298,866999.719353798,6830822.04863516,3,31,311,4.99999858015547,0.835527591778688,0.519142573157987,4481,4481,FALSE
J13,ANDRA,Systematique_stratifie,Locale,2012,5.26259934935154,48.5426583694857,866992.671185225,6829328.97450256,2,21,211,10.999999842685,2.21499517265642,0.923724739355283,3775,3775,FALSE
J14,ANDRA,Systematique_stratifie,Locale,2012,5.26123117333524,48.5300882337711,866931.729960514,6827929.29875361,3,31,311,13.9999999999493,2.50013802636543,0.947360255615723,2596,2596,FALSE
J15,ANDRA,Systematique_stratifie,Locale,2012,5.26081153955957,48.515390706438,866947.532186739,6826295.25203679,2,23,231,12.9973433859875,2.17543225749863,0.848206068462817,8136,8136,FALSE
J16,ANDRA,Systematique_stratifie,Locale,2012,5.26014631813877,48.5021344772279,866940.595910516,6824820.85623721,2,23,231,16.9998712893418,2.67973295799589,0.94583068540619,6016,6016,FALSE
J17,ANDRA,Systematique_stratifie,Locale,2012,5.25951829995139,48.4886630436315,866937.066683897,6823322.64173964,2,21,211,6,1.47405362313549,0.822684991178284,1415,1415,FALSE
J18,ANDRA,Systematique_stratifie,Locale,2012,5.25839001399438,48.475220110654,866896.462542584,6821826.55206622,2,21,211,1,0,,118,118,TRUE
K11,ANDRA,Systematique_stratifie,Locale,2012,5.2843844606491,48.5689398537112,868515.578871819,6832295.66599947,2,21,211,2,0.636514168294813,0.918295834054489,354,354,TRUE
K12,ANDRA,Systematique_stratifie,Locale,2011,5.28361046364982,48.555538645146,868501.57673912,6830804.86439312,3,31,311,18.5721226664097,2.08652845123217,0.714158134411167,21227,21227,FALSE
K14,ANDRA,Systematique_stratifie,Locale,2011,5.28148291248675,48.5285645276822,868431.260903792,6827802.9931318,2,21,211,8,1.89036277533887,0.909072333820828,1888,1888,FALSE
K15,ANDRA,Systematique_stratifie,Locale,2011,5.28129954330615,48.5153198568555,868460.258268731,6826330.89275572,2,21,211,4,1.38629436111989,1,472,472,TRUE
K16,ANDRA,Systematique_stratifie,Locale,2011,5.28058316813228,48.5014381308933,868451.935090764,6824786.88387455,2,21,211,10.9999998929938,2.12019744545996,0.884191014558753,3656,3656,FALSE
K17,ANDRA,Systematique_stratifie,Locale,2011,5.27956599683821,48.4881511841463,868419.457419169,6823308.33832122,2,23,231,8.99210524525175,1.69777990741498,0.773001674790934,10967,10967,FALSE
K18,ANDRA,Systematique_stratifie,Locale,2012,5.27852403186188,48.4747371187302,868385.517158965,6821815.63059886,2,21,211,15.992809243775,2.35612313324247,0.84992959016287,9082,9082,FALSE
L10,ANDRA,Systematique_stratifie,Locale,2012,5.30563538980053,48.5819559973959,870040.539598398,6833787.59416074,2,23,231,7.99999996641383,1.75931126544804,0.84604988105545,3538,3538,FALSE
L11,ANDRA,Systematique_stratifie,Locale,2011,5.30428661668986,48.5684904160892,869984.77358922,6832288.38295626,2,21,211,5,1.52295506753132,0.946265187221801,1062,1062,FALSE
L12,ANDRA,Systematique_stratifie,Locale,2010,5.30392330082916,48.5559133517902,869998.768586947,6830890.0406945,3,31,311,8.99554124581317,1.60610769978834,0.73113600831561,11202,11202,FALSE
L13,ANDRA,Systematique_stratifie,Locale,2010,5.30283134484583,48.5416692156801,869964.392596649,6829304.90202545,3,31,311,9.99308012318415,1.25506524093364,0.54523182185944,10023,10023,FALSE
L14,ANDRA,Systematique_stratifie,Locale,2010,5.30241565698472,48.5298038084297,869972.175583355,6827985.55359156,3,31,311,8.99951186265671,1.55451700361922,0.707508642576822,7075,7075,FALSE
L15,ANDRA,Systematique_stratifie,Locale,2010,5.30157138341224,48.514851201234,869958.308012786,6826322.25826783,3,31,311,7.99999998949778,1.66849305658573,0.802375553337849,3302,3302,FALSE
L16,ANDRA,Systematique_stratifie,Locale,2010,5.30052475096264,48.5011906613574,869925.277273041,6824802.11407311,3,31,311,2,0.245029471096428,0.353502802822462,1769,1769,FALSE
L17,ANDRA,Systematique_stratifie,Locale,2011,5.30021184130633,48.4874854046635,869946.544833636,6823278.59633735,3,31,311,13.0608452853205,2.0567623143815,0.800415329456507,46576,46576,FALSE
L18,ANDRA,Systematique_stratifie,Locale,2012,5.29902327830942,48.4739378891236,869902.594899451,6821770.73716374,2,21,211,6,1.67698777432242,0.935944697445866,1062,1062,FALSE
M10,ANDRA,Systematique_stratifie,Locale,2012,5.32615198866922,48.5815691328367,871554.469106511,6833788.98321971,2,21,211,4.99999999999999,1.3653376053899,0.848331951696713,2123,2123,FALSE
M11,ANDRA,Systematique_stratifie,Locale,2011,5.32472195189514,48.5678165423376,871494.038063479,6832257.68923946,2,21,211,6,1.67458956699991,0.934606232454501,1770,1770,FALSE
M12,ANDRA,Systematique_stratifie,Locale,2010,5.32410185295592,48.5543426091205,871492.386792339,6830759.13518319,3,31,311,10.9999997236868,2.04149451433952,0.851369348313091,3893,3893,FALSE
M13,ANDRA,Systematique_stratifie,Locale,2009,5.32322631850246,48.5409317644493,871471.657551386,6829267.0525199,3,31,311,6.99607457090894,1.30939951055443,0.673092265216712,9198,9198,FALSE
M14,ANDRA,Systematique_stratifie,Locale,2010,5.32255218959028,48.5272076772738,871466.783602193,6827740.61671681,3,31,311,4.99999993123989,1.16949186464942,0.726646157398852,3892,3892,FALSE
M15,ANDRA,Systematique_stratifie,Locale,2010,5.32193273211403,48.5139624852716,871464.354039763,6826267.52824757,3,31,311,7.99999382235061,1.31322099195803,0.631526038748682,9670,9670,FALSE
M16,ANDRA,Systematique_stratifie,Locale,2009,5.32072185493127,48.5002203682584,871419.852020202,6824737.95571557,2,21,211,7.99972132230511,1.66531599686018,0.800861126284588,6957,6957,FALSE
M17,ANDRA,Systematique_stratifie,Locale,2010,5.31982901610578,48.4867721109327,871397.834365695,6823241.74146625,2,21,211,8.99112414006928,1.86595996734863,0.849616510531641,11201,11201,FALSE
M18,ANDRA,Systematique_stratifie,Locale,2010,5.31823828797203,48.4732330896033,871324.517475808,6821733.94337569,3,31,311,12.9544657750898,1.8521583547836,0.723092455080028,12853,12853,FALSE
M9,ANDRA,Systematique_stratifie,Locale,2012,5.32653294622471,48.5949429471616,871538.757512244,6835275.92476396,2,21,211,7,1.81848316301237,0.934515483099356,1534,1534,FALSE
N10,ANDRA,Systematique_stratifie,Locale,2011,5.34628919353003,48.5809516487907,873041.19872638,6833764.30813584,2,21,211,3,1.09861228866811,1,354,354,TRUE
N11,ANDRA,Systematique_stratifie,Locale,2011,5.34526488996108,48.5674602936267,873010.216810321,6832262.91650648,2,23,231,7,1.76776147228933,0.908449690314596,1298,1298,FALSE
N12,ANDRA,Systematique_stratifie,Locale,2010,5.34483410793952,48.5544626126891,873021.348529824,6830817.6971929,2,23,231,7.9985262613249,1.37072634654665,0.659238441382188,8490,8490,FALSE
N13,ANDRA,Systematique_stratifie,Locale,2009,5.34374706264308,48.5405343258075,872987.111854423,6829267.64941125,2,21,211,8.93553130925445,1.12291043212915,0.512736152170443,17334,17334,FALSE
N14,ANDRA,Systematique_stratifie,Locale,2009,5.34344269942893,48.5266403045625,873010.485523915,6827723.14075786,3,31,311,6.99999999974368,1.2907234182974,0.663300625133333,2831,2831,FALSE
N14BIS,ANDRA,Systematique_stratifie,Locale,2010,5.34344269942893,48.5266403045625,873010.485523915,6827723.14075786,3,31,311,0,0,,0,0,TRUE
N15,ANDRA,Systematique_stratifie,Locale,2009,5.34168165138398,48.5137717438311,872922.926417984,6826289.40066127,2,21,211,11.9987426569391,1.69511762360285,0.682194281562383,7430,7430,FALSE
N16,ANDRA,Systematique_stratifie,Locale,2009,5.34103346837459,48.4999445833591,872920.638066702,6824751.59995848,2,23,231,8.99999999996292,2.03353013194122,0.925499447312008,5071,5071,FALSE
N17,ANDRA,Systematique_stratifie,Locale,2009,5.34067434781517,48.4866196182178,872938.020431201,6823270.2483745,2,21,211,6.9999999988295,1.72443768983303,0.886185670401268,3185,3185,FALSE
N18,ANDRA,Systematique_stratifie,Locale,2010,5.33994863224382,48.4732585919662,872928.42324221,6821784.10229692,2,21,211,12.9876218894931,2.15186696780766,0.839262754496209,10142,10142,FALSE
N9,ANDRA,Systematique_stratifie,Locale,2012,5.34670985195925,48.5940797810365,873028.846240597,6835224.03147656,2,21,211,9.99999999212334,2.06605902220376,0.897278032936461,3302,3302,FALSE
O10,ANDRA,Systematique_stratifie,Locale,2011,5.36649741723832,48.5803938441204,874532.989474828,6833746.80123109,2,21,211,7.9999999999989,1.8516360979614,0.890448738686692,2359,2359,FALSE
O11,ANDRA,Systematique_stratifie,Locale,2011,5.36540937717618,48.5669879266786,874497.406023433,6832254.75515992,2,21,211,7,1.88915916375402,0.970835762725816,1062,1062,FALSE
O12,ANDRA,Systematique_stratifie,Locale,2010,5.36477230583536,48.5535042997875,874495.306425189,6830755.08679797,2,21,211,9.99603862189837,1.63712561992118,0.711116988049851,9787,9787,FALSE
O13,ANDRA,Systematique_stratifie,Locale,2009,5.36440058711182,48.5397483917873,874513.66776173,6829225.76618196,2,21,211,8.38860600990619,0.840424829797373,0.395145499198828,31718,31718,FALSE
O14,ANDRA,Systematique_stratifie,Locale,2009,5.36281564106173,48.527007578226,874439.094449386,6827806.57248479,2,21,211,4.99991547566273,1.28906708719145,0.800950827189026,6603,6603,FALSE
O15,ANDRA,Systematique_stratifie,Locale,2009,5.36209306408609,48.5132525398346,874431.498367204,6826276.60483659,2,21,211,5.99998523380254,1.39088360285193,0.776267985275151,5306,5306,FALSE
O16,ANDRA,Systematique_stratifie,Locale,2009,5.36109966457401,48.4996839426144,874403.255694359,6824766.7711083,2,21,211,6.99996044738848,1.34245079619832,0.689885242116681,6132,6132,FALSE
O17,ANDRA,Systematique_stratifie,Locale,2009,5.36060987261351,48.4848441345243,874416.396048715,6823116.82051482,2,21,211,0,0,,0,0,TRUE
O17,ANDRA,Systematique_stratifie,Locale,2012,5.36060987261351,48.4848441345243,874416.396048715,6823116.82051482,2,21,211,6,1.67698777432242,0.935944697445866,1062,1062,FALSE
O18,ANDRA,Systematique_stratifie,Locale,2010,5.35985996713371,48.4725715374267,874401.769653343,6821751.55542861,2,21,211,10.9999292334042,2.12982385847207,0.888207919996778,6486,6486,FALSE
O9,ANDRA,Systematique_stratifie,Locale,2012,5.36635689887265,48.5955573044785,874472.119041227,6835431.44635853,3,31,311,9.99601617106203,1.88824596275981,0.820196737119183,10967,10967,FALSE
P10,ANDRA,Systematique_stratifie,Locale,2011,5.38663698128852,48.5796793870668,876020.264540047,6833712.11668013,2,21,211,7,1.39021217681036,0.714427733205089,1769,1769,FALSE
P11,ANDRA,Systematique_stratifie,Locale,2010,5.38592598458516,48.5663631084506,876012.565982059,6832230.86317091,2,21,211,11.9998415224686,2.08920581089042,0.840762736355601,6133,6133,FALSE
P12,ANDRA,Systematique_stratifie,Locale,2009,5.38608332451347,48.5542862070354,876064.732575096,6830889.27518638,3,31,311,8.99778988031948,1.67943926202897,0.764431193287401,8490,8490,FALSE
P13BIS,ANDRA,Systematique_stratifie,Locale,2011,5.38351143515918,48.5385070275853,875927.955430246,6829130.24000958,3,31,311,9.62468077342812,1.27872845195153,0.56472689456625,35020,34902,FALSE
P14,ANDRA,Systematique_stratifie,Locale,2009,5.38328320487659,48.5259020779852,875953.400696161,6827729.14824304,3,31,311,9.9497275209014,1.477934678255,0.643266865936236,14739,14739,FALSE
P15,ANDRA,Systematique_stratifie,Locale,2009,5.38235105977817,48.5123146494896,875930.166583012,6826217.33651629,2,21,211,10.9999988533249,1.91624472978775,0.799136156958171,4128,4128,FALSE
P16,ANDRA,Systematique_stratifie,Locale,2009,5.382295217126,48.4991131066569,875970.312037816,6824750.36937842,2,21,211,8,1.93560050545395,0.930827083453526,1416,1416,FALSE
P17,ANDRA,Systematique_stratifie,Locale,2009,5.38080241142692,48.4853854636868,875906.08092248,6823221.76048265,2,21,211,6,1.74786809746676,0.975503759006108,826,826,FALSE
P18,ANDRA,Systematique_stratifie,Locale,2010,5.38005494898918,48.4719985362502,875895.717753232,6821732.684825,3,31,311,11.9773677217314,1.86388515053011,0.750652840863247,13444,13444,FALSE
P19BIS,ANDRA,Systematique_stratifie,Locale,2011,5.38000563277927,48.4584371826031,875937.503622969,6820225.7996158,2,21,211,6,1.66746193342929,0.930628224416578,944,944,FALSE
P9,ANDRA,Systematique_stratifie,Locale,2012,5.38734727775364,48.5933602066576,876026.659263918,6835233.89176038,2,21,211,12.9999909687204,2.28614867429355,0.891303871885181,4954,4954,FALSE
Q10,ANDRA,Systematique_stratifie,Locale,2011,5.40696185286408,48.5793023823291,877520.088106539,6833715.72538159,2,23,231,18.9933662291843,2.48228814974665,0.843142818892279,8491,8491,FALSE
Q11,ANDRA,Systematique_stratifie,Locale,2010,5.40617755184721,48.5655782973886,877508.745581095,6832188.99187435,3,31,311,5.99999999999925,1.22693905688174,0.68476772577651,4600,4600,FALSE
Q12,ANDRA,Systematique_stratifie,Locale,2010,5.40468223825875,48.5522916084807,877443.441297456,6830709.27800043,3,31,311,8.99982381135277,1.44909602720205,0.659517899689704,6368,6368,FALSE
Q13BIS,ANDRA,Systematique_stratifie,Locale,2011,5.40379983061854,48.536917382336,877430.368253801,6828999.00392875,3,31,311,16.7018585548396,2.12964679382737,0.75639554712724,21224,21224,FALSE
Q14,ANDRA,Systematique_stratifie,Locale,2011,5.40405013021145,48.5251070518523,877488.803068269,6827687.28792019,3,31,311,17.6440079643041,2.29681139853362,0.800172245079863,22522,22522,FALSE
Q15,ANDRA,Systematique_stratifie,Locale,2009,5.40270559657029,48.5118558763678,877434.383528807,6826211.90575092,2,21,211,6.99978773345499,1.21510792931901,0.624451681871866,6486,6486,FALSE
Q16,ANDRA,Systematique_stratifie,Locale,2009,5.40208722854085,48.498381598283,877434.290353929,6824713.38175415,2,21,211,11.5690961563592,1.27210338406514,0.519578459414516,47283,47283,FALSE
Q17,ANDRA,Systematique_stratifie,Locale,2009,5.40158508200389,48.4847989959719,877443.123865362,6823203.09867022,2,23,231,8.99999928765785,1.84919525420194,0.841605059349963,4482,4482,FALSE
Q18,ANDRA,Systematique_stratifie,Locale,2010,5.39971456693936,48.4712402042626,877350.759186518,6821692.40257806,2,23,231,9.99821655619525,1.74905784399539,0.759665014503313,8254,8254,FALSE
Q19,ANDRA,Systematique_stratifie,Locale,2012,5.39850490646933,48.4576650073873,877307.215952587,6820181.38449284,2,21,211,11.9999999893576,2.34510591417439,0.943740045611546,3304,3304,FALSE
Q9,ANDRA,Systematique_stratifie,Locale,2012,5.40747157101912,48.5924856358103,877512.992967035,6835181.76204612,3,31,311,3,1.09861228866811,1,354,354,TRUE
R10,ANDRA,Systematique_stratifie,Locale,2011,5.42721764735674,48.5787023887887,879015.590309222,6833694.78623992,3,31,311,11.9999958044395,2.2232228811598,0.894690830402151,4599,4599,FALSE
R11,ANDRA,Systematique_stratifie,Locale,2009,5.42677574222441,48.5648423392976,879030.354728273,6832153.71917138,3,31,311,6.99999999212333,1.54877097734953,0.795910838430545,3302,3302,FALSE
R12,ANDRA,Systematique_stratifie,Locale,2009,5.42649495377297,48.5517890171429,879054.231394393,6830702.67273351,3,32,324,7.98240342934514,1.40841668205851,0.678023236940731,11792,11792,FALSE
R13bis,ANDRA,Systematique_stratifie,Locale,2009,5.42693058808011,48.5378166402225,879134.099184627,6829151.14788066,2,21,211,9.99999475555123,1.90615613230909,0.827833278458149,4599,4599,FALSE
R14bis,ANDRA,Systematique_stratifie,Locale,2009,5.42610857582581,48.5231235343103,879123.621203429,6827516.7064255,2,21,211,6.99257651556022,0.894907632505591,0.460142454123072,10140,10140,FALSE
R15,ANDRA,Systematique_stratifie,Locale,2011,5.42666453218143,48.510365180941,879208.234298265,6826100.380336,3,31,312,15.9697287137068,2.36299120089795,0.852851440651968,12382,12382,FALSE
R16,ANDRA,Systematique_stratifie,Locale,2010,5.42351446948656,48.4970376987109,879021.139760057,6824612.42564258,3,31,313,10.9999996561995,2.05188317229828,0.85570175742009,3892,3892,FALSE
R17,ANDRA,Systematique_stratifie,Locale,2010,5.42141447060657,48.4844485931585,878908.971700478,6823208.91030659,2,21,211,8.99999096873345,1.66810813095919,0.759189074249491,4954,4954,FALSE
S10,ANDRA,Systematique_stratifie,Locale,2011,5.447974641115,48.5782528865354,880547.550003391,6833692.09902138,3,31,311,8.99527575412058,1.7863681306748,0.813205498393591,11319,11319,FALSE
S11,ANDRA,Systematique_stratifie,Locale,2010,5.44717236298391,48.5645776942726,880535.505035488,6832170.75264357,3,31,311,7.99999858592716,1.69049699818484,0.812957281076927,4364,4364,FALSE
S12,ANDRA,Systematique_stratifie,Locale,2009,5.44583385514772,48.5512256624804,880482.759081542,6830684.10415816,2,21,211,8,2.02532622077007,0.973976031629121,1180,1180,FALSE
S13,ANDRA,Systematique_stratifie,Locale,2009,5.44507303149237,48.5377301108776,880473.081891588,6829182.84516766,2,21,211,8.99951186265671,1.50072095145173,0.683024399717851,7075,7075,FALSE
S14,ANDRA,Systematique_stratifie,Locale,2010,5.44499283180486,48.5239103745906,880514.725330384,6827647.13745867,2,23,231,10.999998114569,1.8764155737701,0.782526129970427,4364,4364,FALSE
S15,ANDRA,Systematique_stratifie,Locale,2010,5.44302268192584,48.5108476304006,880414.23411707,6826191.235464,2,21,211,6.99999852870785,1.45959046945621,0.750081203811148,8726,8726,FALSE
S16,ANDRA,Systematique_stratifie,Locale,2011,5.44253075120312,48.4971873811058,880424.881178489,6824672.33875907,2,21,211,9.99999999297702,1.91625285914633,0.83221804291241,3185,3185,FALSE
S9,ANDRA,Systematique_stratifie,Locale,2012,5.44845563797555,48.5912042893757,880538.376200598,6835132.30253171,2,23,231,4,1.32966134885476,0.959147917027245,708,708,FALSE
Sup1,ANDRA,Systematique_stratifie,Locale,2013,5.25626339714349,48.4997278201518,866661.514128152,6824545.23539041,2,23,231,5.99997779814775,0.786132665244006,0.438749900451637,5307,5307,FALSE
Sup11,ANDRA,Systematique_stratifie,Locale,2013,5.27302327800204,48.5568471476647,867716.405903123,6830927.72568941,2,21,211,9.99998353366008,1.83809912142266,0.798276876492543,5071,5071,FALSE
Sup13,ANDRA,Systematique_stratifie,Locale,2013,5.28424835993493,48.6141590424464,868360.139422699,6837320.27662037,3,31,311,7.99999995719753,1.8687025691096,0.898655978762495,3656,3656,FALSE
Sup3,ANDRA,Systematique_stratifie,Locale,2013,5.36165022269147,48.5811438300958,874173.114542149,6833819.43601317,2,21,211,7.99999998317558,1.70914502376073,0.82192501747781,3421,3421,FALSE
Sup4,ANDRA,Systematique_stratifie,Locale,2013,5.3454474185858,48.5120791018943,873206.518211524,6826109.57846805,2,21,211,10.9999999999353,2.34758011370449,0.979016948880587,2832,2832,FALSE
Sup6,ANDRA,Systematique_stratifie,Locale,2013,5.37800044613462,48.4515201951336,875812.470398431,6819452.80633798,2,23,231,4,0.937527207358848,0.676282926377545,1533,1533,FALSE
Sup7,ANDRA,Systematique_stratifie,Locale,2013,5.47998953713066,48.5675596831052,882945.329289994,6832577.62347478,2,21,211,5,1.30309240376172,0.809656833416415,1062,1062,FALSE
Sup8,ANDRA,Systematique_stratifie,Locale,2013,5.38988070408957,48.4865663208733,876572.6557807,6823373.22725162,2,23,231,2,0.636514168294813,0.918295834054489,354,354,TRUE
Sup9,ANDRA,Systematique_stratifie,Locale,2013,5.3716934090621,48.4739520031732,875271.431044873,6821931.13934903,3,31,311,8.99999370666147,1.58573487549096,0.72169927302966,4599,4599,FALSE
T10,ANDRA,Systematique_stratifie,Locale,2011,5.46791275116059,48.5775495522697,882020.028764044,6833659.72265634,2,23,231,10.9953355177418,1.68723869573698,0.703757667098906,9433,9433,FALSE
T11,ANDRA,Systematique_stratifie,Locale,2010,5.46707952625811,48.5641319851332,882005.190138513,6832166.92828785,2,23,231,6.99999999995984,1.56706461321668,0.805311907120719,2713,2713,FALSE
T12,ANDRA,Systematique_stratifie,Locale,2011,5.4664840868555,48.5506315610439,882008.148253637,6830665.49142937,2,23,231,6,1.69574253416963,0.946411928215015,1180,1180,FALSE
T13,ANDRA,Systematique_stratifie,Locale,2010,5.46543152017155,48.5369419879681,881978.009322576,6829142.0004124,2,21,211,3.99999999987786,0.813195407532195,0.586596490873109,5542,5542,FALSE
T15,ANDRA,Systematique_stratifie,Locale,2011,5.46383663479472,48.5100402639474,881953.622238255,6826149.28875027,3,31,311,14.9908345987695,2.40813020616396,0.889449482404816,10494,10494,FALSE
T9,ANDRA,Systematique_stratifie,Locale,2012,5.46864958171589,48.590941632182,882027.81857172,6835149.47869911,2,21,211,8.99852674922212,1.6881317806159,0.768359131111535,8490,8490,FALSE
U10,ANDRA,Systematique_stratifie,Locale,2011,5.48667606012034,48.5773953559335,883403.993905881,6833686.0059267,3,31,311,14.7009572709808,1.77359210514745,0.65983994313559,19928,19928,FALSE
U11,ANDRA,Systematique_stratifie,Locale,2011,5.48713604748161,48.5631729850757,883487.700725319,6832106.78911976,2,21,211,6.99999750256758,1.55666178354558,0.799966056865517,3537,3537,FALSE
U12,ANDRA,Systematique_stratifie,Locale,2010,5.48592371188641,48.5503146329662,883443.28462438,6830675.26202964,2,23,231,9.78589611986224,1.83028654462415,0.802425665399507,34784,34784,FALSE
U13,ANDRA,Systematique_stratifie,Locale,2012,5.48570224753421,48.5367684377105,883474.34375668,6829169.62548056,2,23,231,7.99999999531801,1.54892753469647,0.744876691210628,3185,3185,FALSE
U9,ANDRA,Systematique_stratifie,Locale,2012,5.48827927339499,48.5905543262185,883476.108669431,6835151.87450659,2,21,211,5.99999999999991,1.41350535808076,0.788892361032003,2241,2241,FALSE
V11,ANDRA,Systematique_stratifie,Locale,2011,5.50770579030913,48.5629533829773,885005.494250354,6832130.38507724,2,21,211,5.99999999971921,1.51504090281145,0.845560427540951,4245,4245,FALSE
V9,ANDRA,Systematique_stratifie,Locale,2012,5.50960407186246,48.5899801704321,885050.018048936,6835137.84033739,2,21,211,14.9959160500321,2.36847190855103,0.874692089014465,8727,8609,FALSE
TIDM_RURAL_FO_116,TIGA_rural,Aleatoire_stratifie,Departementale,2021,4.71870433254821,47.4656751628562,829462.2095,6708666.502,3,31,311,10.9776986708177,1.61508716650728,0.674114197946321,11674,11674,FALSE
TIDM_RURAL_FO_117,TIGA_rural,Aleatoire_stratifie,Departementale,2021,4.82623975183778,47.1710574831011,838317.8013,6676130.213,3,31,311,10.999186490658,1.96415226388611,0.819140380423802,8136,7075,FALSE
TIDM_RURAL_FO_118,TIGA_rural,Aleatoire_stratifie,Departementale,2021,4.70159433274831,47.1979025001545,828814.5291,6678900.479,3,31,311,6.99999999999982,1.53918721766543,0.790985759754982,2359,2241,FALSE
TIDM_RURAL_FO_119,TIGA_rural,Aleatoire_stratifie,Departementale,2021,4.84212000023756,47.2994119960212,839187.7576,6690411.715,3,31,311,11.9982168717656,2.13149728412989,0.857828909600666,8254,8254,FALSE
TIDM_RURAL_FO_120,TIGA_rural,Aleatoire_stratifie,Departementale,2021,4.84558235292887,47.3872253178048,839221.3471,6700169.775,3,31,311,7.9999873824801,1.76272492300505,0.847692144571511,5543,5543,FALSE
TIDM_RURAL_FO_121,TIGA_rural,Aleatoire_stratifie,Departementale,2021,4.97250866619659,47.3937323297703,848776.0403,6701123.868,3,31,311,13.9995813414792,2.25150318740387,0.853156418946292,6958,6958,FALSE
TIDM_RURAL_FO_122,TIGA_rural,Aleatoire_stratifie,Departementale,2021,5.04309916701302,47.505959003604,853776.6036,6713722.204,3,31,311,5.99999999999998,1.56559368968073,0.873774475072396,4128,4128,FALSE
TIDM_RURAL_FO_123,TIGA_rural,Aleatoire_stratifie,Departementale,2021,4.69153416680116,47.4145655032133,827537.5377,6702945.925,3,31,311,9.9999028835245,1.34184123177433,0.582756700463431,6015,5661,FALSE
TIDM_RURAL_FO_124,TIGA_rural,Aleatoire_stratifie,Departementale,2021,5.10715380957259,47.5879187099173,858353.6865,6722950.887,3,31,311,9.99607437491515,1.66158462502984,0.721740105857237,9197,9197,FALSE
TIDM_RURAL_FO_125,TIGA_rural,Aleatoire_stratifie,Departementale,2021,4.99898066648766,47.4757018378359,850541.7667,6710276.993,3,31,311,8.93521668503853,1.38527435917059,0.632545254072006,14620,14620,FALSE
TIDM_RURAL_FO_126,TIGA_rural,Aleatoire_stratifie,Departementale,2021,4.85722883293927,47.4621920018377,839903.8802,6708515.934,3,31,311,9.99999984345999,1.89498960537984,0.822983534475496,3774,3774,FALSE
TIDM_RURAL_FO_127,TIGA_rural,Aleatoire_stratifie,Departementale,2021,4.81322150041927,47.2548069989591,837118.3844,6685407.737,3,31,311,11.9973929952125,1.19872420952838,0.482444293121677,8020,7784,FALSE
TIDM_RURAL_FO_128,TIGA_rural,Aleatoire_stratifie,Departementale,2021,4.86149040312305,47.550877901829,839992.6026,6718373.028,3,31,311,9.99831926454111,1.6698431467039,0.725256607662265,7900,7900,FALSE
TIDM_RURAL_FO_129,TIGA_rural,Aleatoire_stratifie,Departementale,2021,5.25195633381422,47.5038991677759,869498.9796,6713920.993,3,31,311,7.99999999856171,1.85421561283328,0.891689223201583,3184,3066,FALSE
TIDM_RURAL_FO_130,TIGA_rural,Aleatoire_stratifie,Departementale,2021,5.47431260854483,47.5728417404338,885989.9745,6722077.164,3,31,311,8.99994848127297,1.82174637868666,0.829114667474002,5896,5896,FALSE
TIDM_RURAL_FO_131,TIGA_rural,Aleatoire_stratifie,Departementale,2021,5.21794649990952,47.5954218349009,866654.268,6724012.155,3,31,312,5,1.21578516055638,0.755409793172844,1651,1651,FALSE
TIDM_RURAL_FO_132,TIGA_rural,Aleatoire_stratifie,Departementale,2021,5.14441966609063,47.4852934983331,861463.1357,6711629.505,3,31,313,6,1.40000469510756,0.781357497561168,2122,2004,FALSE
TIDM_RURAL_FO_133,TIGA_rural,Aleatoire_stratifie,Departementale,2021,5.34128516738817,47.5541903377246,876054.9655,6719701.085,3,31,311,7.99999999980776,1.88928968980435,0.908556288771626,2831,2831,FALSE
TIDM_RURAL_FO_134,TIGA_rural,Aleatoire_stratifie,Departementale,2021,5.2189260005384,47.4698361690631,867119.853,6710068.022,3,31,311,10.9999849478978,1.62063603684414,0.67585810775606,4954,4954,FALSE
TIDM_RURAL_FO_135,TIGA_rural,Aleatoire_stratifie,Departementale,2021,5.14955900032885,47.441190503721,861983.3612,6706742.463,3,31,311,6.9999999999989,1.60973160858787,0.827238405313568,2359,2359,FALSE
TIDM_RURAL_FO_136,TIGA_rural,Aleatoire_stratifie,Departementale,2021,5.0753654995463,47.4264459970045,856436.7499,6704955.517,3,31,312,6.99999999998347,1.64029315834267,0.842943935073764,2594,2594,FALSE
TIDM_RURAL_FO_137,TIGA_rural,Aleatoire_stratifie,Departementale,2021,5.37489649369333,47.5646554559628,878546.6796,6720938.655,2,21,211,6.9999990907554,1.29939520067189,0.667757084282167,5070,4245,FALSE
TIDM_RURAL_FO_138,TIGA_rural,Aleatoire_stratifie,Departementale,2021,4.91531388844525,47.2719715549739,844791.0391,6687496.086,3,31,311,8.99999965619946,1.64673702945333,0.749462333103536,4128,3892,FALSE
TIDM_RURAL_FO_139,TIGA_rural,Aleatoire_stratifie,Departementale,2021,5.26116491230036,47.4937861207272,870224.0639,6712817.789,3,31,311,9.99999685332925,2.00710414405675,0.871674373490444,4599,4599,FALSE
TIDM_RURAL_FO_140,TIGA_rural,Aleatoire_stratifie,Departementale,2021,5.42708916718403,47.2855615000196,883422.1697,6690068.721,3,31,311,8.93494057047984,0.781625531822201,0.356911606666608,14621,14621,FALSE
TIDM_RURAL_FO_141,TIGA_rural,Aleatoire_stratifie,Departementale,2021,5.10596015675859,47.1442426784815,859578.3177,6673680.31,3,31,311,8,1.8288411561742,0.879486688862052,1652,1652,FALSE
TIDM_RURAL_FO_142,TIGA_rural,Aleatoire_stratifie,Departementale,2021,5.48012466693879,47.3606690013423,887166.9066,6698532.284,3,31,311,10.9783459900214,1.78193214961098,0.743734594590835,12382,12264,FALSE
TIDM_RURAL_FO_143,TIGA_rural,Aleatoire_stratifie,Departementale,2021,5.36349683296032,47.3957668363477,878251.3959,6702159.44,3,31,311,3.99999980966251,0.964799590100187,0.695955815933215,4245,4127,FALSE
TIDM_RURAL_FO_144,TIGA_rural,Aleatoire_stratifie,Departementale,2021,5.02412500021595,47.1973016652248,853227.6167,6679409.775,3,31,311,12.999716971015,2.20344361034913,0.859066596101454,6486,6486,FALSE
TIDM_RURAL_FO_145,TIGA_rural,Aleatoire_stratifie,Departementale,2021,5.0120856672295,47.1322229985027,852500.6063,6672160.176,3,31,311,7.99999999999864,2.00447902323164,0.963950648794159,2478,2478,FALSE
TIDM_RURAL_FO_146,TIGA_rural,Aleatoire_stratifie,Departementale,2021,5.31175866631104,47.2916828336019,874688.9574,6690486.855,3,31,311,9,2.05789753192241,0.936589528967166,1534,1534,FALSE
TIDM_RURAL_FO_147,TIGA_rural,Aleatoire_stratifie,Departementale,2021,5.21686738964643,47.3785035869085,867249.6566,6699921.757,3,31,311,11.9999988533249,2.04698996399811,0.823769393063148,4128,4128,FALSE
TIDM_RURAL_FO_148,TIGA_rural,Aleatoire_stratifie,Departementale,2021,5.30791016629726,47.1360598320713,874903.3963,6673199.484,3,31,311,13.9584079432638,1.98445452074911,0.752804535530139,14031,14031,FALSE
TIDM_RURAL_FO_149,TIGA_rural,Aleatoire_stratifie,Departementale,2021,4.96025833283447,47.4777138342601,847620.673,6710427.328,3,31,311,7.99999999992051,1.74162279165047,0.837543521541777,2948,2712,FALSE
TIDM_RURAL_FO_150,TIGA_rural,Aleatoire_stratifie,Departementale,2021,5.32239994098879,47.4663929499516,874922.1113,6709909.783,3,31,311,9.99999953590833,2.01977874990419,0.877178783428591,4009,4009,FALSE
TIDM_RURAL_FO_151,TIGA_rural,Aleatoire_stratifie,Departementale,2021,4.94361133269274,47.5740873293352,846103.7912,6721099.496,3,31,311,11.9999670673078,1.72667732871135,0.694866841717212,5071,5071,FALSE
TIDM_RURAL_FO_152,TIGA_rural,Aleatoire_stratifie,Departementale,2021,4.74889916612029,47.3463121668363,832029.9375,6695460.065,2,21,211,9.9876390995422,1.88461622470961,0.818918316357716,12500,11910,FALSE
TIDM_RURAL_FO_153,TIGA_rural,Aleatoire_stratifie,Departementale,2021,5.17007150436755,47.6505799233371,862889.5153,6730037.851,3,31,311,10.9996981475053,1.81485956990276,0.756863888085715,6840,6722,FALSE
TIDM_RURAL_FO_154,TIGA_rural,Aleatoire_stratifie,Departementale,2021,4.99670383380661,47.6212641674178,849961.4656,6726438.591,3,31,311,6.99999999999998,1.73612118281476,0.892189798001519,2124,2124,FALSE
TIDM_RURAL_FO_155,TIGA_rural,Aleatoire_stratifie,Departementale,2021,5.01374766649538,47.4579886683176,851703.7957,6708338.14,3,31,311,7.9999999996796,1.65256906217458,0.794717730257238,2831,2831,FALSE
TIDM_RURAL_FO_461,TIGA_rural,Aleatoire_stratifie,Departementale,2022,4.60249716648321,47.2806738315153,821127.135,6687935.771,2,21,211,10.9995808480958,1.97899835998971,0.825319534012808,6959,6959,FALSE
TIDM_RURAL_FO_462,TIGA_rural,Aleatoire_stratifie,Departementale,2022,4.5983490000311,47.2896984966688,820793.3421,6688931.678,2,23,231,12.999845154069,2.12364885702715,0.827953469275535,6722,5897,FALSE
TIDM_RURAL_FO_463,TIGA_rural,Aleatoire_stratifie,Departementale,2022,4.59720733359462,47.2801771637791,820728.4656,6687872.511,2,21,211,10.9907889888817,1.70894033237092,0.712932539779747,10024,10024,FALSE
TIDM_RURAL_FO_464,TIGA_rural,Aleatoire_stratifie,Departementale,2022,4.60266949945651,47.2774954977826,821147.3245,6687583.057,2,21,211,15.929824342607,2.12980011059216,0.769382783620082,14858,14858,FALSE
TIDM_RURAL_FO_465,TIGA_rural,Aleatoire_stratifie,Departementale,2022,4.59637050032218,47.2845655022307,820655.3661,6688358.592,2,21,211,12.9914440273283,1.79942092312464,0.70172259342449,9906,9906,FALSE
TIDM_RURAL_FO_466,TIGA_rural,Aleatoire_stratifie,Departementale,2022,5.05101416686483,47.4030803344208,854669.0247,6702312.81,3,31,311,6.99999999980955,1.6176498142763,0.831307558102948,2830,2830,FALSE
TIDM_RURAL_FO_467,TIGA_rural,Aleatoire_stratifie,Departementale,2022,5.15162899943936,47.1121988344159,863134.9821,6670215.684,3,31,311,8.99504302159818,1.56955542802724,0.714514615252899,10142,10142,FALSE
TIDM_RURAL_FO_468,TIGA_rural,Aleatoire_stratifie,Departementale,2022,4.89718733314174,47.1911214996193,843636.7533,6678484.898,3,31,311,9.99990381606332,1.63968455414705,0.71210892857467,6014,6014,FALSE
TIDM_RURAL_FO_469,TIGA_rural,Aleatoire_stratifie,Departementale,2022,4.79402950049601,47.2074346646461,835786.8527,6680113.9,3,31,312,9.99995570132573,1.33649204655984,0.58043223760541,5306,5306,FALSE
TIDM_RURAL_FO_470,TIGA_rural,Aleatoire_stratifie,Departementale,2022,4.8835043337731,47.346208336651,842190.1246,6695682.262,3,31,311,9.99990399391485,2.02159204845622,0.877969932009596,6013,6013,FALSE
TIDM_RURAL_FO_471,TIGA_rural,Aleatoire_stratifie,Departementale,2022,5.33501149958019,47.2167949979449,876691.5091,6682223.693,3,31,311,6.99999993123989,1.67812289187227,0.862384576779174,3892,3892,FALSE
TIDM_RURAL_FO_472,TIGA_rural,Aleatoire_stratifie,Departementale,2022,5.2198414997438,47.1869568347498,868072.0546,6678659.306,3,31,311,10.999881555188,2.14558720357119,0.894783380546576,6131,6131,FALSE
TIDM_RURAL_FO_473,TIGA_rural,Aleatoire_stratifie,Departementale,2022,5.46216316713131,47.2246161629286,886283.0178,6683384.297,3,31,311,6.99999999994038,1.69176630981929,0.86939590229693,2712,2712,FALSE
TIDM_RURAL_FO_474,TIGA_rural,Aleatoire_stratifie,Departementale,2022,5.35986866716446,47.5531121660965,877455.5326,6719622.958,3,31,311,7.99999099347793,1.50138542169343,0.722014158347332,5071,4953,FALSE
TIDM_RURAL_FO_475,TIGA_rural,Aleatoire_stratifie,Departementale,2022,5.3132904996659,47.5568608349642,873941.7979,6719935.591,3,31,311,8.9999999999968,2.00933877711504,0.914489487256404,5308,4718,FALSE
TIDM_RURAL_FO_476,TIGA_rural,Aleatoire_stratifie,Departementale,2022,5.06384749946542,47.5340008363264,855256.487,6716876.988,3,31,311,8.99999999758403,1.84822903182838,0.841165282383133,3067,3067,FALSE
TIDM_RURAL_FO_477,TIGA_rural,Aleatoire_stratifie,Departementale,2022,5.24469999961624,47.4062543300283,869261.2799,6703062.55,3,31,311,4,0.837376335780319,0.604039343494019,1415,1415,FALSE
TIDM_RURAL_FO_478,TIGA_rural,Aleatoire_stratifie,Departementale,2022,5.32187216663587,47.5394221624668,874643.8467,6718018.036,3,31,311,9.96506377997691,1.41782778783127,0.61669210555309,14032,13560,FALSE
TIDM_RURAL_FO_479,TIGA_rural,Aleatoire_stratifie,Departementale,2022,5.26204616672498,47.5420578326141,870136.7855,6718180.107,3,31,311,9.99999999806722,2.04511067277473,0.888180280142064,3067,3067,FALSE
TIDM_RURAL_FO_480,TIGA_rural,Aleatoire_stratifie,Departementale,2022,5.26449999954578,47.5418416645177,870321.9853,6718161.392,3,31,311,13.9999722053756,2.39925823714113,0.909135248845265,5189,5189,FALSE
TIDM_RURAL_FO_481,TIGA_rural,Aleatoire_stratifie,Departementale,2022,5.44831866710655,47.5251596665685,884200.9016,6716721.611,3,31,311,9.9999999719593,2.03793226444317,0.885062738018088,3539,3421,FALSE
TIDM_RURAL_FO_482,TIGA_rural,Aleatoire_stratifie,Departementale,2022,5.45640214943358,47.5914701701173,884579.741,6724103.67,3,31,311,9.99999904054842,1.76598844554028,0.766959068961045,4129,4129,FALSE
TIDM_RURAL_FO_483,TIGA_rural,Aleatoire_stratifie,Departementale,2022,5.47168416620878,47.5934908309144,885720.6674,6724363.882,3,31,311,9.99999980335627,1.75548860647896,0.762399021348829,4011,3775,FALSE
TIDM_RURAL_FO_484,TIGA_rural,Aleatoire_stratifie,Departementale,2022,5.4644354993549,47.5899056648056,885188.6136,6723948.753,3,31,311,12.9999988533248,2.26602258154142,0.883457076014188,4128,4128,FALSE
TIDM_RURAL_FO_485,TIGA_rural,Aleatoire_stratifie,Departementale,2022,5.32425816705049,47.5605556649921,874754.1646,6720370.106,3,31,311,14.9900006537002,2.04259879659094,0.754454958243261,9317,9317,FALSE
TIDM_RURAL_FO_486,TIGA_rural,Aleatoire_stratifie,Departementale,2022,5.22467633358239,47.6099356706324,867114.3846,6725638.184,3,31,312,15.9756591606583,2.19083657975452,0.790611401196734,10731,10731,FALSE
TIDM_RURAL_FO_487,TIGA_rural,Aleatoire_stratifie,Departementale,2022,4.88017050028464,47.4456876654068,841675.389,6706723.902,3,31,311,10.9999996561995,2.10199491239316,0.876599976502679,3892,3892,FALSE
TIDM_RURAL_FO_488,TIGA_rural,Aleatoire_stratifie,Departementale,2022,4.80599050033342,47.4142083344498,836166.7155,6703097.378,3,31,311,7.99999988259499,1.71068050678365,0.822663433699997,3774,3774,FALSE
TIDM_RURAL_FO_489,TIGA_rural,Aleatoire_stratifie,Departementale,2022,4.86392650011967,47.1956146693778,841107.2553,6678923.873,3,31,311,7.99999969575767,1.89231190822831,0.91000968524827,4246,4246,FALSE
TIDM_RURAL_FO_490,TIGA_rural,Aleatoire_stratifie,Departementale,2022,4.87202966728866,47.2866189998689,841480.9532,6689044.203,3,31,312,5.99999444106139,1.39147618397391,0.776598046435262,5189,5189,FALSE
TIDM_RURAL_FO_491,TIGA_rural,Aleatoire_stratifie,Departementale,2022,5.31478266586308,47.6020509957209,873906.8125,6724957.155,3,31,313,5.99999999737445,1.47265212621506,0.821902801054643,3420,3302,FALSE
TIDM_RURAL_FO_492,TIGA_rural,Aleatoire_stratifie,Departementale,2022,5.01570583311321,47.439569334355,851903.5083,6706296.39,3,31,311,9.99999998687223,1.90955262836299,0.829308169874711,3420,3302,FALSE
TIDM_RURAL_FO_493,TIGA_rural,Aleatoire_stratifie,Departementale,2022,4.76554166637246,47.4929494979656,832921.9325,6711773.497,2,23,231,9.99999993613554,2.06091428940079,0.895043706044815,4598,3655,FALSE
TIDM_RURAL_FO_494,TIGA_rural,Aleatoire_stratifie,Departementale,2022,5.15894699992749,47.6166673377425,862157.6984,6726248.723,3,31,311,10.9999629969404,1.95983373866947,0.817315297413193,5307,5307,FALSE
TIDM_RURAL_FO_495,TIGA_rural,Aleatoire_stratifie,Departementale,2022,5.05637716747448,47.6234730038752,854435.8136,6726798.927,3,31,311,10.9999629969404,1.86320173401261,0.777016564889396,5307,5307,FALSE
TIDM_RURAL_GC_266,TIGA_rural,Aleatoire_stratifie,Departementale,2021,4.89048033387161,47.2337618371143,843015.6757,6683207.749,2,21,211,4.99989967977909,1.3217377252227,0.821252061240834,6720,6720,FALSE
TIDM_RURAL_GC_267,TIGA_rural,Aleatoire_stratifie,Departementale,2021,5.07078549948544,47.4623719968399,855986.9474,6708936.047,2,21,211,7.99978772930004,1.53626611043026,0.738797260237346,6486,6486,FALSE
TIDM_RURAL_GC_268,TIGA_rural,Aleatoire_stratifie,Departementale,2021,5.31422750031594,47.1247975017666,875418.6719,6671963.079,2,21,211,5,0.872082450434792,0.541855292271487,2005,2005,FALSE
TIDM_RURAL_GC_269,TIGA_rural,Aleatoire_stratifie,Departementale,2021,5.45789416747998,47.2472916708773,885881.7472,6685891.779,2,21,211,6.99999999212333,1.51699639963934,0.779581935606335,3302,3302,FALSE
TIDM_RURAL_GC_270,TIGA_rural,Aleatoire_stratifie,Departementale,2021,5.09117533293513,47.6511568317574,856967.1386,6729942.128,2,21,211,7.99996051881709,1.89395553382283,0.91080224705316,6131,6131,FALSE
TIDM_RURAL_GC_271,TIGA_rural,Aleatoire_stratifie,Departementale,2021,5.31661549946406,47.1825708339517,875411.3891,6678382.807,2,21,211,4,0.983495847615648,0.709442291044992,1415,1415,FALSE
TIDM_RURAL_GC_272,TIGA_rural,Aleatoire_stratifie,Departementale,2021,4.74327852404031,47.4868310732889,831261.0912,6711056.721,2,21,211,3,1.03972077083992,0.946394630357186,472,472,TRUE
TIDM_RURAL_GC_273,TIGA_rural,Aleatoire_stratifie,Departementale,2021,4.7776716664605,47.5177901697188,833772.8862,6714552.879,2,21,211,2,0.693147180559945,1,236,236,TRUE
TIDM_RURAL_GC_274,TIGA_rural,Aleatoire_stratifie,Departementale,2021,5.04043033289574,47.2018063299497,854448.7394,6679941.741,2,21,211,8.99999999758403,1.65602156714206,0.753687895368457,3185,3067,FALSE
TIDM_RURAL_GC_275,TIGA_rural,Aleatoire_stratifie,Departementale,2021,4.98116633296018,47.1471538309344,850116.0486,6673758.834,2,21,211,5,1.49417513828931,0.928383211769586,944,944,FALSE
TIDM_RURAL_GC_276,TIGA_rural,Aleatoire_stratifie,Departementale,2021,5.42538824855882,47.5430932233211,882415.0761,6718659.727,2,21,211,1,0,,707,707,FALSE
TIDM_RURAL_GC_277,TIGA_rural,Aleatoire_stratifie,Departementale,2021,5.43636549019842,47.5909016900328,883076.5682,6723993.898,2,21,211,7.99999923865009,1.37544052413749,0.66144710467574,4127,4127,FALSE
TIDM_RURAL_GC_278,TIGA_rural,Aleatoire_stratifie,Departementale,2021,5.1898783329806,47.5213763342978,864773.9035,6715730.402,2,21,211,7.99999997748142,1.56439581435473,0.752315362137375,3657,3539,FALSE
TIDM_RURAL_GC_279,TIGA_rural,Aleatoire_stratifie,Departementale,2021,5.14830583314279,47.5264076697761,861631.4212,6716203.212,2,21,211,10.921463977328,1.21551997371667,0.50843046304262,14740,14504,FALSE
TIDM_RURAL_GC_280,TIGA_rural,Aleatoire_stratifie,Departementale,2021,5.44769433322216,47.2490741674844,885104.4812,6686065.721,2,21,211,6.9999999999985,1.62920802283781,0.837247302311941,4600,4600,FALSE
TIDM_RURAL_GC_281,TIGA_rural,Aleatoire_stratifie,Departementale,2021,5.35395383332107,47.3224825024691,877774.5388,6694000.819,2,21,211,14.9999984729648,2.54831912694416,0.941016241761186,4247,4247,FALSE
TIDM_RURAL_GC_282,TIGA_rural,Aleatoire_stratifie,Departementale,2021,5.21324310895183,47.592089270993,866311.3286,6723632.148,2,21,211,6.99999999471395,1.50879355337192,0.775366506356891,3303,3303,FALSE
TIDM_RURAL_GC_283,TIGA_rural,Aleatoire_stratifie,Departementale,2021,5.21971493624057,47.5799341836937,866835.4735,6722295.95,2,21,211,5,1.5498260458782,0.962961064794514,826,826,FALSE
TIDM_RURAL_GC_284,TIGA_rural,Aleatoire_stratifie,Departementale,2021,5.10755899950921,47.2097503343753,859505.2536,6680957.287,2,21,211,6,1.60520710745546,0.895883144486481,1534,1534,FALSE
TIDM_RURAL_GC_285,TIGA_rural,Aleatoire_stratifie,Departementale,2021,5.09032633362071,47.2325446700288,858134.33,6683453.681,2,21,211,6,1.73286795139986,0.967132018086354,944,944,FALSE
TIDM_RURAL_GC_286,TIGA_rural,Aleatoire_stratifie,Departementale,2021,5.17724618330572,47.2945690111483,864518.2853,6690518.406,2,21,211,5.99999999999991,1.56674259744415,0.874415692704092,2240,2240,FALSE
TIDM_RURAL_GC_287,TIGA_rural,Aleatoire_stratifie,Departementale,2021,5.1308951664774,47.2316994959672,861205.1796,6683441.868,2,21,211,5.99909770439314,1.25066396063215,0.698067439968701,8726,8726,FALSE
TIDM_RURAL_GC_288,TIGA_rural,Aleatoire_stratifie,Departementale,2021,4.92909216681658,47.2759098300711,845821.7359,6687958.776,2,21,211,9.99662471087569,1.95165021175461,0.847715202527453,9551,9551,FALSE
TIDM_RURAL_GC_289,TIGA_rural,Aleatoire_stratifie,Departementale,2021,4.96846466716196,47.331723000003,848642.7866,6694230.123,2,21,211,10.9940651570359,1.86819424796872,0.779272900136236,9787,9787,FALSE
TIDM_RURAL_GC_290,TIGA_rural,Aleatoire_stratifie,Departementale,2021,5.14131399958814,47.3195984966858,861728.441,6693223.458,2,21,211,3,0.898273831219999,0.817644077428818,1179,1179,FALSE
TIDM_RURAL_GC_291,TIGA_rural,Aleatoire_stratifie,Departementale,2021,5.36966633358991,47.3440933311027,878888.7869,6696435.828,2,21,211,8.99999789546126,1.77954500482744,0.809905920664407,4600,4600,FALSE
TIDM_RURAL_GC_292,TIGA_rural,Aleatoire_stratifie,Departementale,2021,5.19567311469472,47.5330206381896,865173.8445,6717035.609,2,21,211,6,1.73286795139986,0.967132018086354,944,944,FALSE
TIDM_RURAL_GC_293,TIGA_rural,Aleatoire_stratifie,Departementale,2021,5.20791700020134,47.5262746662801,866115.6281,6716312.155,2,21,211,6.99999999446026,1.8037547685739,0.926946585988646,3419,3419,FALSE
TIDM_RURAL_GC_294,TIGA_rural,Aleatoire_stratifie,Departementale,2021,5.15414200056469,47.1762248368332,863131.4823,6677329.906,2,21,211,5,1.17910701418151,0.732620379495246,1533,1533,FALSE
TIDM_RURAL_GC_295,TIGA_rural,Aleatoire_stratifie,Departementale,2021,5.14915250025093,47.1850974978985,862726.9042,6678304.787,2,21,211,6,1.63043258262889,0.909961750240577,1888,1888,FALSE
TIDM_RURAL_GC_296,TIGA_rural,Aleatoire_stratifie,Departementale,2021,4.82191533342729,47.2341425012271,837828.6653,6683128.089,2,21,211,6,1.53713980486191,0.857894059588341,1651,1651,FALSE
TIDM_RURAL_GC_297,TIGA_rural,Aleatoire_stratifie,Departementale,2021,4.91390700066875,47.2389970006024,844773.475,6683831.786,2,21,211,3,1.05492016798614,0.960229717860761,590,590,FALSE
TIDM_RURAL_GC_298,TIGA_rural,Aleatoire_stratifie,Departementale,2021,5.26010066638579,47.404531502626,870427.726,6702904.371,2,21,211,4,1.242453324894,0.896240625180289,826,708,FALSE
TIDM_RURAL_GC_299,TIGA_rural,Aleatoire_stratifie,Departementale,2021,5.22920266689641,47.4241289996765,868036.9677,6705014.298,2,21,211,5.99999569281655,1.26637492175876,0.706777584200325,4835,4835,FALSE
TIDM_RURAL_GC_300,TIGA_rural,Aleatoire_stratifie,Departementale,2021,4.87331390258889,47.2166468221804,841762.3701,6681276.229,2,21,211,3,1.03972077083992,0.946394630357186,472,472,TRUE
TIDM_RURAL_GC_301,TIGA_rural,Aleatoire_stratifie,Departementale,2021,4.8423298335621,47.2610360002866,839303.0595,6686150.416,2,21,211,11.9999947386573,2.02199490162666,0.813710751897596,4600,4600,FALSE
TIDM_RURAL_GC_302,TIGA_rural,Aleatoire_stratifie,Departementale,2021,5.10472716655189,47.3298484979428,858935.4377,6694287.355,2,21,211,8.99999999997213,1.87033488716458,0.851226090614142,2595,2595,FALSE
TIDM_RURAL_GC_303,TIGA_rural,Aleatoire_stratifie,Departementale,2021,5.10769392498449,47.3612953289085,859066.1836,6697785.315,2,21,211,5,1.49417513828931,0.928383211769586,944,944,FALSE
TIDM_RURAL_GC_304,TIGA_rural,Aleatoire_stratifie,Departementale,2021,4.74187533403766,47.1962405035327,831867.4749,6678782.404,2,23,231,7.99999998802055,1.75937429646946,0.846080191470607,6722,6604,FALSE
TIDM_RURAL_GC_305,TIGA_rural,Aleatoire_stratifie,Departementale,2021,4.69556316692478,47.2622309981389,828204.6027,6686034.516,3,31,311,5,1.35923670066501,0.844541246458714,1298,1180,FALSE
TIDM_RURAL_GC_306,TIGA_rural,Aleatoire_stratifie,Departementale,2021,5.13353033263745,47.3673816628509,860997.3019,6698513.531,2,21,211,8.99999999999998,2.06206954130016,0.938488292261911,2124,2124,FALSE
TIDM_RURAL_GC_307,TIGA_rural,Aleatoire_stratifie,Departementale,2021,5.12653650048121,47.3617786672875,860486.4315,6697877.114,2,21,211,9.99974603655668,1.90707447014538,0.828241054156956,6604,6604,FALSE
TIDM_RURAL_GC_308,TIGA_rural,Aleatoire_stratifie,Departementale,2021,5.22284800003131,47.2239769983278,868183.8841,6682776.181,2,21,211,4.99999399565626,1.01441037464367,0.630289074031061,5071,4953,FALSE
TIDM_RURAL_GC_309,TIGA_rural,Aleatoire_stratifie,Departementale,2021,5.21085299959762,47.2577419981232,867171.565,6686499.809,2,21,211,7,1.8446214763655,0.947947919003874,1534,1534,FALSE
TIDM_RURAL_GC_310,TIGA_rural,Aleatoire_stratifie,Departementale,2021,5.2198851661466,47.3503080010875,867565.3117,6696797.297,2,21,211,5.99999999999991,1.41350535808076,0.788892361032003,2241,2241,FALSE
TIDM_RURAL_GC_311,TIGA_rural,Aleatoire_stratifie,Departementale,2021,5.19488316661368,47.3510838294728,865676.16,6696830.688,2,21,211,2,0.450561208866305,0.650022421648354,708,708,FALSE
TIDM_RURAL_GC_312,TIGA_rural,Aleatoire_stratifie,Departementale,2021,4.73986783317791,47.4231415675912,831160.2063,6703977.567,2,21,211,7.98725038199891,1.72570216334866,0.830524346606245,13798,13798,FALSE
TIDM_RURAL_GC_313,TIGA_rural,Aleatoire_stratifie,Departementale,2021,4.77911031718973,47.3902970575971,834200.2116,6700395.826,2,21,211,8.99999999999971,2.14878571204824,0.977954522360808,4366,4366,FALSE
TIDM_RURAL_GC_314,TIGA_rural,Aleatoire_stratifie,Departementale,2021,5.06822733353405,47.4858943364065,855725.8556,6711543.198,2,21,211,6.999999999941,1.6733381739496,0.859925713820449,2711,2711,FALSE
TIDM_RURAL_GC_315,TIGA_rural,Aleatoire_stratifie,Departementale,2021,5.07029533364532,47.4574351643193,855964.4104,6708386.838,2,21,211,8.99538712098125,1.46693174536419,0.667785221542993,10024,10024,FALSE
TIDM_RURAL_GC_316,TIGA_rural,Aleatoire_stratifie,Departementale,2021,5.04170049942234,47.4226338325451,853910.6708,6704466.02,2,21,211,4,1.27703425946614,0.921185496588554,826,826,FALSE
TIDM_RURAL_GC_317,TIGA_rural,Aleatoire_stratifie,Departementale,2021,5.08149383387395,47.4526394997663,856821.8894,6707876.456,2,21,211,10.999581950388,1.91225329736139,0.797484205264008,6957,6957,FALSE
TIDM_RURAL_GC_318,TIGA_rural,Aleatoire_stratifie,Departementale,2021,5.21355983289805,47.3774494994023,867003.4683,6699797.709,2,21,211,8.99999999999194,1.72549154087787,0.785305042860233,2477,2477,FALSE
TIDM_RURAL_GC_319,TIGA_rural,Aleatoire_stratifie,Departementale,2021,5.19803600046536,47.3894241681751,865795.5426,6701094.688,2,21,211,5.99999997773636,1.50418551006104,0.83950191920802,4009,3537,FALSE
TIDM_RURAL_GC_320,TIGA_rural,Aleatoire_stratifie,Departementale,2021,5.19501033327595,47.1432078318501,866327.5524,6673749.178,2,21,211,3,0.802195958723033,0.730190229071228,1179,1179,FALSE
TIDM_RURAL_GC_321,TIGA_rural,Aleatoire_stratifie,Departementale,2021,5.22603433336507,47.1224970008636,868742.6299,6671515.462,2,21,211,3,1.09861228866811,1,354,354,TRUE
TIDM_RURAL_GC_322,TIGA_rural,Aleatoire_stratifie,Departementale,2021,4.81235565584989,47.5351535045367,836338.1934,6716540.645,2,21,211,6,1.73286795139986,0.967132018086354,944,944,FALSE
TIDM_RURAL_GC_323,TIGA_rural,Aleatoire_stratifie,Departementale,2021,4.79042083388621,47.469197664733,834854.5093,6709177.75,2,21,211,3.99999999883789,1.1467949893978,0.827237722233624,3184,3184,FALSE
TIDM_RURAL_GC_324,TIGA_rural,Aleatoire_stratifie,Departementale,2021,5.05688899949894,47.1300136623876,855901.986,6672002.351,2,21,211,3,0.938823826234648,0.854554273530674,5188,5070,FALSE
TIDM_RURAL_GC_325,TIGA_rural,Aleatoire_stratifie,Departementale,2021,5.02200933382573,47.2120751657671,853025.4775,6681046.134,2,21,211,5.98419459962211,1.20238896459817,0.672055413661893,12735,12499,FALSE
TIDM_RURAL_GC_326,TIGA_rural,Aleatoire_stratifie,Departementale,2021,5.30384933263511,47.5998206658627,873092.8665,6724685.455,2,21,211,5,1.26376271419494,0.785219923323188,2123,1769,FALSE
TIDM_RURAL_GC_327,TIGA_rural,Aleatoire_stratifie,Departementale,2021,5.34227966656446,47.5861744967136,876024.3394,6723255.026,2,21,211,5,1.38629436111989,0.861353116146786,944,944,FALSE
TIDM_RURAL_GC_328,TIGA_rural,Aleatoire_stratifie,Departementale,2021,5.14415700046572,47.4640531682008,861507.428,6709270.248,2,21,211,2,0.562335144618808,0.811278124459133,472,472,TRUE
TIDM_RURAL_GC_329,TIGA_rural,Aleatoire_stratifie,Departementale,2021,5.16314649972842,47.4620508365918,862943.538,6709086.906,2,21,211,6.99999923865014,1.24555341598394,0.640087871584059,4127,4127,FALSE
TIDM_RURAL_GC_330,TIGA_rural,Aleatoire_stratifie,Departementale,2021,5.37566566741903,47.2345918357538,879707.4441,6684291.401,2,21,211,2,0.636514168294813,0.918295834054489,354,354,TRUE
TIDM_RURAL_GC_331,TIGA_rural,Aleatoire_stratifie,Departementale,2021,5.32266583278836,47.3308043351225,875385.1152,6694854.858,2,21,211,6,1.48822675237213,0.830595165216739,1769,1769,FALSE
TIDM_RURAL_GC_332,TIGA_rural,Aleatoire_stratifie,Departementale,2021,5.03808834764988,47.5956983543217,853142.2483,6723678.653,2,21,211,6,1.71408754118701,0.956650471575569,1770,1770,FALSE
TIDM_RURAL_GC_333,TIGA_rural,Aleatoire_stratifie,Departementale,2021,5.33806616641168,47.575802332971,875741.8984,6722093.843,2,21,211,8.99998353364772,1.74443071255631,0.793925292440514,5071,5071,FALSE
TIDM_RURAL_GC_334,TIGA_rural,Aleatoire_stratifie,Departementale,2021,5.14838116658291,47.1778791674408,862690.3277,6677501.709,2,21,211,4.99995161433132,1.21433378632461,0.754512540370161,6250,6250,FALSE
TIDM_RURAL_GC_335,TIGA_rural,Aleatoire_stratifie,Departementale,2021,5.0295618331287,47.182201998564,853682.2027,6677743.673,2,21,211,8.99999992172999,2.03816968652377,0.927611003269337,3774,3774,FALSE
TIDM_RURAL_GC_336,TIGA_rural,Aleatoire_stratifie,Departementale,2021,5.16274600002228,47.2584238335988,863532.8452,6686474.779,2,21,211,5,1.38629436111989,0.861353116146786,944,944,FALSE
TIDM_RURAL_GC_337,TIGA_rural,Aleatoire_stratifie,Departementale,2021,5.14024483326497,47.2590931670234,861829.8566,6686502.743,2,21,211,8.99999999926332,1.77596313348102,0.808275654598878,2949,2949,FALSE
TIDM_RURAL_GC_338,TIGA_rural,Aleatoire_stratifie,Departementale,2021,4.82235498896534,47.3165165230259,837650.7645,6692276.559,2,21,211,4.99999999998898,1.18414196070975,0.735748767667893,3302,2594,FALSE
TIDM_RURAL_GC_339,TIGA_rural,Aleatoire_stratifie,Departementale,2021,4.65142705473489,47.3234482716792,824725.6772,6692762.389,2,21,211,0,0,,0,0,TRUE
TIDM_RURAL_GC_340,TIGA_rural,Aleatoire_stratifie,Departementale,2021,5.36904183411706,47.3740316709327,878741.8944,6699758.596,2,21,211,5.99999999999449,1.57070243649527,0.876625720958396,2594,2594,FALSE
TIDM_RURAL_GC_341,TIGA_rural,Aleatoire_stratifie,Departementale,2021,5.31455116611006,47.3855300005531,874594.3833,6700913.414,2,21,211,5.99999999996506,1.51042841011991,0.842986146335565,7782,7782,FALSE
TIDM_RURAL_GC_342,TIGA_rural,Aleatoire_stratifie,Departementale,2021,4.9031369230832,47.3855068883602,843566.7436,6700081.996,2,21,211,4,1.22280294718606,0.882065873944868,2830,2830,FALSE
TIDM_RURAL_GC_343,TIGA_rural,Aleatoire_stratifie,Departementale,2021,4.81081149980802,47.4607750009453,836411.5221,6708277.348,2,21,211,7,1.69240886298655,0.869726109300663,1534,1534,FALSE
TIDM_RURAL_GC_344,TIGA_rural,Aleatoire_stratifie,Departementale,2021,5.10326783354863,47.424231504203,858546.0277,6704765.252,2,21,211,5.99999999993652,1.57106228141294,0.876826554235588,2830,2830,FALSE
TIDM_RURAL_GC_345,TIGA_rural,Aleatoire_stratifie,Departementale,2021,5.10476933376817,47.4365790016364,858622.6276,6706139.437,2,21,211,5.99999999999999,1.43572924644411,0.801295749290871,4010,4010,FALSE
TIDM_RURAL_GC_346,TIGA_rural,Aleatoire_stratifie,Departementale,2021,5.12594416610213,47.4721531690896,860111.6658,6710132.655,2,21,211,2,0.450750727589985,0.650295839371164,1415,1415,FALSE
TIDM_RURAL_GC_347,TIGA_rural,Aleatoire_stratifie,Departementale,2021,5.07779066712284,47.3870943301097,856734.5272,6700590.394,2,21,211,6.99999998885231,1.59756475370456,0.820985879429006,3420,3420,FALSE
TIDM_RURAL_GC_348,TIGA_rural,Aleatoire_stratifie,Departementale,2021,5.08045578009374,47.3576736281389,857021.6174,6697328.625,2,21,211,7.99999999993532,1.99047854262386,0.957217840816833,2950,2832,FALSE
TIDM_RURAL_GC_349,TIGA_rural,Aleatoire_stratifie,Departementale,2021,5.09373753949674,47.3552574943125,858030.9348,6697086.821,2,21,211,7.99999686343765,1.62619244150917,0.782033404414728,4598,4598,FALSE
TIDM_RURAL_GC_350,TIGA_rural,Aleatoire_stratifie,Departementale,2021,5.27931366634048,47.1452911637543,872707.2419,6674161.474,2,21,211,1,0,,118,118,TRUE
TIDM_RURAL_GC_351,TIGA_rural,Aleatoire_stratifie,Departementale,2021,5.21441600017076,47.100303499203,867931.2658,6669026.559,2,21,211,2,0.693147180559945,1,236,236,TRUE
TIDM_RURAL_GC_352,TIGA_rural,Aleatoire_stratifie,Departementale,2021,4.81871309845175,47.5146092204742,836868.9239,6714269.926,2,21,211,3.99999999999449,1.0827209575996,0.781018078098523,2594,2594,FALSE
TIDM_RURAL_GC_353,TIGA_rural,Aleatoire_stratifie,Departementale,2021,4.82319783278099,47.5536968359011,837106.1129,6718618.921,2,21,211,4,1.16828245017656,0.842737648613667,1298,1180,FALSE
TIDM_RURAL_GC_354,TIGA_rural,Aleatoire_stratifie,Departementale,2021,5.00284683397004,47.2607596701011,851438.4219,6686415.244,2,21,211,4.99999999993652,1.27058060751332,0.789456118628229,2948,2830,FALSE
TIDM_RURAL_GC_355,TIGA_rural,Aleatoire_stratifie,Departementale,2021,4.89528700003143,47.1704748355188,843547.9467,6676188.749,2,21,211,3,1.05492016798614,0.960229717860761,590,590,FALSE
TIDM_RURAL_GC_356,TIGA_rural,Aleatoire_stratifie,Departementale,2021,5.47024264349414,47.5535672562973,885751.1187,6719927.338,2,21,211,5,1.41848366194566,0.881353453268883,1180,1180,FALSE
TIDM_RURAL_GC_357,TIGA_rural,Aleatoire_stratifie,Departementale,2021,5.33834733348462,47.4818568325078,876072.0468,6711662.362,2,21,211,4.99999999999999,1.33625457149249,0.830261646733267,2123,2123,FALSE
TIDM_RURAL_GC_358,TIGA_rural,Aleatoire_stratifie,Departementale,2021,5.28177783312696,47.4493944955431,871917.8917,6707933.025,2,21,211,6.99999988347379,1.5057766359612,0.773816123819296,4010,4010,FALSE
TIDM_RURAL_GC_359,TIGA_rural,Aleatoire_stratifie,Departementale,2021,5.2090261668138,47.4836300018339,866331.5724,6711578.876,2,21,211,4,0.90968476560643,0.656198850056318,3538,3538,FALSE
TIDM_RURAL_GC_360,TIGA_rural,Aleatoire_stratifie,Departementale,2021,5.27799399948009,47.2805310032603,872173.9621,6689174.463,2,21,211,0,0,,0,0,TRUE
TIDM_RURAL_GC_361,TIGA_rural,Aleatoire_stratifie,Departementale,2021,5.33680516690868,47.3473248311748,876398.168,6696720.707,2,21,211,5.99999968353013,1.26972072046732,0.708644647705868,8255,8255,FALSE
TIDM_RURAL_GC_362,TIGA_rural,Aleatoire_stratifie,Departementale,2021,5.01642986661576,47.534766335464,851688.0269,6716869.84,2,21,211,6.99999999987303,1.7048778290928,0.876133890321897,2830,2830,FALSE
TIDM_RURAL_GC_363,TIGA_rural,Aleatoire_stratifie,Departementale,2021,5.16785050065417,47.5104216681103,863150.2799,6714468.147,2,21,211,7.99378614236964,1.57427381431864,0.757348676765713,11909,11909,FALSE
TIDM_RURAL_GC_364,TIGA_rural,Aleatoire_stratifie,Departementale,2021,5.23608283361678,47.2057413327285,869242.337,6680779.69,2,21,211,6,1.57551538586165,0.879311879144375,3656,3656,FALSE
TIDM_RURAL_GC_365,TIGA_rural,Aleatoire_stratifie,Departementale,2021,5.18506933399238,47.1930753335499,865421.204,6679265.235,2,21,211,5.99998890973239,1.32371104647257,0.738777963643197,5424,5188,FALSE
TIDM_RURAL_GC_366,TIGA_rural,Aleatoire_stratifie,Departementale,2021,5.20751333355009,47.2500041676232,866943.131,6685633.566,2,21,211,11.998364252734,2.01811719299401,0.812194660436113,8609,8609,FALSE
TIDM_RURAL_GC_367,TIGA_rural,Aleatoire_stratifie,Departementale,2021,5.15245733282204,47.3422703356303,862501.2203,6695763.86,2,21,211,7.99999999926332,1.42800124954956,0.686723440399877,3067,2949,FALSE
TIDM_RURAL_GC_368,TIGA_rural,Aleatoire_stratifie,Departementale,2021,4.78576221625333,47.4039011408032,834667.7122,6701917.991,2,21,211,6.9999999315568,1.77318050555262,0.911234527104524,3891,3891,FALSE
TIDM_RURAL_GC_369,TIGA_rural,Aleatoire_stratifie,Departementale,2021,5.36156066716311,47.4078536687054,878065.2666,6703497.153,2,21,211,3,0.974314752869349,0.886859507142915,944,944,FALSE
TIDM_RURAL_GC_370,TIGA_rural,Aleatoire_stratifie,Departementale,2021,5.35500600041932,47.4096281683066,877565.3033,6703679.428,2,21,211,4,1.14905969697062,0.828871363252444,1062,1062,FALSE
TIDM_RURAL_GC_371,TIGA_rural,Aleatoire_stratifie,Departementale,2021,5.3067429091466,47.4703195102201,873730.4264,6710311.23,2,21,211,5.99999999856171,1.41040744833709,0.787163384789273,3184,3066,FALSE
TIDM_RURAL_GC_372,TIGA_rural,Aleatoire_stratifie,Departementale,2021,5.26227542900753,47.4769171222047,870361.3249,6710946.965,2,21,211,6,1.48822675237213,0.830595165216739,2123,1769,FALSE
TIDM_RURAL_GC_373,TIGA_rural,Aleatoire_stratifie,Departementale,2021,5.21833249982052,47.4165066688117,867241.5771,6704144.812,2,21,211,5,1.44518587894808,0.897944473522682,1416,1416,FALSE
TIDM_RURAL_GC_374,TIGA_rural,Aleatoire_stratifie,Departementale,2021,5.19548916705397,47.422783503428,865500.4643,6704793.686,2,21,211,4.99999999999995,1.48991756675388,0.925737833838246,2359,2241,FALSE
TIDM_RURAL_GC_375,TIGA_rural,Aleatoire_stratifie,Departementale,2021,4.75565133271077,47.4525981643979,832277.1028,6707275.374,2,21,211,3,0.802195958723033,0.730190229071228,1179,1179,FALSE
TIDM_RURAL_GC_376,TIGA_rural,Aleatoire_stratifie,Departementale,2021,4.80537983334966,47.4849915014112,835940.9138,6710957.486,2,24,242,7.99999997760922,1.79279452134172,0.862151922917958,3538,3538,FALSE
TIDM_RURAL_GC_377,TIGA_rural,Aleatoire_stratifie,Departementale,2021,5.28126224493271,47.1666804362862,872786.2188,6676540.565,2,21,211,4.9999989511095,1.15247320375208,0.716071955969594,4599,4599,FALSE
TIDM_RURAL_GC_378,TIGA_rural,Aleatoire_stratifie,Departementale,2021,5.33585672085813,47.1580670281136,876948.392,6675705.138,2,21,211,8.98241113439443,1.5662794652052,0.713479729033702,11791,11791,FALSE
TIDM_RURAL_GC_379,TIGA_rural,Aleatoire_stratifie,Departementale,2021,5.25672116717204,47.0371476703995,871339.0867,6662105.423,2,21,211,4,0.953580604642084,0.687863004702517,1769,1769,FALSE
TIDM_RURAL_GC_380,TIGA_rural,Aleatoire_stratifie,Departementale,2021,5.29149083274755,47.0537816642993,873924.5916,6664028.225,2,21,211,3,0.955699891112534,0.869915529773626,826,826,FALSE
TIDM_RURAL_GC_381,TIGA_rural,Aleatoire_stratifie,Departementale,2021,4.98646200036498,47.3629701626403,849914.2044,6697734.11,2,21,211,3,1.03972077083992,0.946394630357186,590,472,TRUE
TIDM_RURAL_GC_382,TIGA_rural,Aleatoire_stratifie,Departementale,2021,4.94335316667116,47.3956799965335,846572.1161,6701285.634,2,23,231,7.99999995742369,1.83445225858892,0.882185060995762,3773,3655,FALSE
TIDM_RURAL_GC_383,TIGA_rural,Aleatoire_stratifie,Departementale,2021,4.98613733370057,47.4128224968945,849750.4284,6703269.623,2,21,211,3,1.03972077083992,0.946394630357186,472,472,TRUE
TIDM_RURAL_GC_384,TIGA_rural,Aleatoire_stratifie,Departementale,2021,5.2559443333976,47.3346708369014,870336.079,6695138.117,2,21,211,8,1.80189240065887,0.866527076882022,1770,1770,FALSE
TIDM_RURAL_GC_385,TIGA_rural,Aleatoire_stratifie,Departementale,2021,5.11622102789081,47.5547633297824,859133.6345,6719287.027,2,21,211,6.99999999907915,1.27241624971922,0.653892601579248,3067,2949,FALSE
TIDM_RURAL_GC_386,TIGA_rural,Aleatoire_stratifie,Departementale,2021,5.1283160426463,47.5477138383518,860064.0309,6718528.599,2,21,211,7,1.73187936052148,0.890009932556372,2005,2005,FALSE
TIDM_RURAL_GC_387,TIGA_rural,Aleatoire_stratifie,Departementale,2021,5.35685866436399,47.4323459101271,877629.6366,6706206.125,2,21,211,1,0,,118,118,TRUE
TIDM_RURAL_GC_388,TIGA_rural,Aleatoire_stratifie,Departementale,2021,5.34759656336407,47.4561756430107,876853.0935,6708831.37,2,21,211,2,0.611079745341893,0.88160171819244,1179,1179,FALSE
TIDM_RURAL_GC_389,TIGA_rural,Aleatoire_stratifie,Departementale,2021,5.13615116708787,47.0848263298689,862043.9908,6667144.59,2,21,211,3.99998738260278,0.668025845890331,0.481879883988385,5543,5543,FALSE
TIDM_RURAL_GC_390,TIGA_rural,Aleatoire_stratifie,Departementale,2021,5.33039316697887,47.1391121697136,876596.7584,6673588.416,2,21,211,0,0,,236,0,TRUE
TIDM_RURAL_GC_391,TIGA_rural,Aleatoire_stratifie,Departementale,2021,4.83261347279814,47.4485650207346,838085.0861,6706959.209,2,21,211,8,1.92512119079082,0.925787598354723,1652,1534,FALSE
TIDM_RURAL_GC_392,TIGA_rural,Aleatoire_stratifie,Departementale,2021,4.88434589906323,47.465068132319,841938.5828,6708883.747,2,21,211,5,1.49417513828931,0.928383211769586,944,944,FALSE
TIDM_RURAL_GC_393,TIGA_rural,Aleatoire_stratifie,Departementale,2021,4.99950566654758,47.2360753293415,851255.269,6683667.804,2,21,211,6,1.74786809746676,0.975503759006108,826,826,FALSE
TIDM_RURAL_GC_394,TIGA_rural,Aleatoire_stratifie,Departementale,2021,5.06127016661694,47.258614836854,855861.132,6686290.759,2,21,211,4,1.33217904021012,0.960964047443681,590,590,FALSE
TIDM_RURAL_GC_395,TIGA_rural,Aleatoire_stratifie,Departementale,2021,5.3081870185555,47.505657584686,873724.4188,6714238.465,2,21,211,5,1.37637530561292,0.855190060442469,1769,1651,FALSE
TIDM_RURAL_GC_396,TIGA_rural,Aleatoire_stratifie,Departementale,2021,5.37955945914575,47.2649024996114,879900.4544,6687665.627,1,11,112,4.99996044992435,0.742557072971535,0.461378917921193,6132,6132,FALSE
TIDM_RURAL_GC_397,TIGA_rural,Aleatoire_stratifie,Departementale,2021,5.35857716613307,47.4649613327145,877650.909,6709831.582,2,21,211,5,1.35220939923383,0.840174938583843,1416,1416,FALSE
TIDM_RURAL_GC_398,TIGA_rural,Aleatoire_stratifie,Departementale,2021,4.93362633355407,47.4117433301644,845794.9509,6703051.508,2,21,211,7,1.73187936052148,0.890009932556372,2005,2005,FALSE
TIDM_RURAL_GC_399,TIGA_rural,Aleatoire_stratifie,Departementale,2021,5.45478283319505,47.2650383350149,885585.2504,6687854.798,2,21,211,9.99994126760939,2.01211596023058,0.873853087434602,6368,6368,FALSE
TIDM_RURAL_GC_400,TIGA_rural,Aleatoire_stratifie,Departementale,2021,5.0392241666821,47.2486388359314,854223.1302,6685139.717,2,21,211,6,1.6313454208086,0.910471214928994,1534,1534,FALSE
TIDM_RURAL_GC_401,TIGA_rural,Aleatoire_stratifie,Departementale,2021,4.9257049999348,47.5368519670017,844858.8897,6716931.107,2,21,211,5,1.35844745026471,0.844050857612898,1415,1415,FALSE
TIDM_RURAL_GC_402,TIGA_rural,Aleatoire_stratifie,Departementale,2021,4.74383660344969,47.5294460294309,831198.5625,6715790.668,2,21,211,6,1.64173471218752,0.916269588849909,1298,1298,FALSE
TIDM_RURAL_GC_403,TIGA_rural,Aleatoire_stratifie,Departementale,2021,5.20372733348553,47.2896416670557,866534.0256,6690026.793,2,21,211,2,0.304797460013816,0.439729784037484,1297,1297,FALSE
TIDM_RURAL_GC_404,TIGA_rural,Aleatoire_stratifie,Departementale,2021,5.19865333352606,47.2891580026813,866152.1822,6689962.399,2,21,211,2,0.562335144618808,0.811278124459133,472,472,TRUE
TIDM_RURAL_GC_405,TIGA_rural,Aleatoire_stratifie,Departementale,2021,4.5926966158468,47.3786872418082,820166.855,6698806.183,2,21,211,6.9999989511095,1.65493626674541,0.850469069696979,4599,4599,FALSE
TIDM_RURAL_GC_406,TIGA_rural,Aleatoire_stratifie,Departementale,2021,5.18860549994145,47.1334668309626,865872.3341,6672654.145,2,21,211,3,1.09861228866811,1,354,354,TRUE
TIDM_RURAL_GC_407,TIGA_rural,Aleatoire_stratifie,Departementale,2021,5.22809283288068,47.1386806632342,868847.9153,6673316.735,2,21,211,2,0.636514168294813,0.918295834054489,354,354,TRUE
TIDM_RURAL_GC_408,TIGA_rural,Aleatoire_stratifie,Departementale,2021,5.42808833343247,47.3838125011695,883162.1033,6700979.913,2,21,211,5.99958142438045,1.03078453197458,0.575314201763441,6958,6958,FALSE
TIDM_RURAL_GC_409,TIGA_rural,Aleatoire_stratifie,Departementale,2021,5.40907390396687,47.3866148211506,881718.7065,6701247.132,2,21,211,3,1.02965301406457,0.93723056321613,1180,1180,FALSE
TIDM_RURAL_GC_410,TIGA_rural,Aleatoire_stratifie,Departementale,2021,5.189597166814,47.459793334195,864942.4355,6708891.134,2,21,211,2,0.693147180559945,1,236,236,TRUE
TIDM_RURAL_GC_411,TIGA_rural,Aleatoire_stratifie,Departementale,2021,5.13818666723248,47.3919471679814,861274.7009,6701250.901,2,21,211,6,1.46852937986256,0.819601852304008,1651,1651,FALSE
TIDM_RURAL_GC_412,TIGA_rural,Aleatoire_stratifie,Departementale,2021,4.8898909986457,47.3902891931653,842554.99,6700589.09,2,21,211,4,1.27302833658963,0.918295834054489,1062,1062,FALSE
TIDM_RURAL_GC_413,TIGA_rural,Aleatoire_stratifie,Departementale,2021,4.9048285460856,47.3752921441326,843721.6998,6698950.695,2,21,211,4.99999986311359,1.07887149233551,0.670340559491314,3891,3891,FALSE
TIDM_RURAL_GC_414,TIGA_rural,Aleatoire_stratifie,Departementale,2021,5.13011231600448,47.3982579803058,860646.9243,6701935.229,2,21,211,2,0.450561208866305,0.650022421648354,708,708,FALSE
TIDM_RURAL_GC_415,TIGA_rural,Aleatoire_stratifie,Departementale,2021,5.12317149982911,47.3112575008547,860383.4221,6692260.255,2,21,211,7,1.81848316301237,0.934515483099356,1534,1534,FALSE
TIDM_RURAL_GC_416,TIGA_rural,Aleatoire_stratifie,Departementale,2022,4.58926230247703,47.2789104772709,820130.8358,6687719.718,2,21,211,4.99999999952057,1.32090385628273,0.820723711151866,3066,3066,FALSE
TIDM_RURAL_GC_417,TIGA_rural,Aleatoire_stratifie,Departementale,2022,4.60094432145603,47.2781058150258,821015.5601,6687648.192,2,21,211,7.97381039362706,1.74272848116446,0.839398893796545,17333,16508,FALSE
TIDM_RURAL_GC_418,TIGA_rural,Aleatoire_stratifie,Departementale,2022,4.60101407866848,47.2753875332316,821026.9541,6687346.413,2,21,211,9.99940565474637,1.9917642240137,0.865034540751329,8725,8253,FALSE
TIDM_RURAL_GC_419,TIGA_rural,Aleatoire_stratifie,Departementale,2022,4.59624883346674,47.2898723299107,820634.2558,6688947.773,2,23,231,6.99999905728472,1.53233006958663,0.787461937222994,4364,4364,FALSE
TIDM_RURAL_GC_420,TIGA_rural,Aleatoire_stratifie,Departementale,2022,4.60456633331096,47.2860623298961,821271.3523,6688537.382,2,21,211,6.99998740981307,1.76506116987577,0.907062847776231,5542,5542,FALSE
TIDM_RURAL_GC_421,TIGA_rural,Aleatoire_stratifie,Departementale,2022,4.59889000013074,47.288933504096,820835.9425,6688847.547,2,21,211,3.99999999999973,0.826293381812212,0.596044682129954,2477,2359,FALSE
TIDM_RURAL_GC_422,TIGA_rural,Aleatoire_stratifie,Departementale,2022,4.59655716654917,47.2882895028223,820661.1092,6688772.458,2,21,211,7.99999999531801,1.42834887661547,0.68689061384414,3185,3185,FALSE
TIDM_RURAL_GC_423,TIGA_rural,Aleatoire_stratifie,Departementale,2022,4.5906392692573,47.2815228962795,820229.0601,6688011.944,2,21,211,10.9967187574987,1.7504851413772,0.730099841595265,8964,8964,FALSE
TIDM_RURAL_GC_424,TIGA_rural,Aleatoire_stratifie,Departementale,2022,4.5991703334429,47.2862428326975,820863.1784,6688549.155,2,21,211,5.99999999999999,1.58616343524587,0.885254668657751,2123,2123,FALSE
TIDM_RURAL_GC_425,TIGA_rural,Aleatoire_stratifie,Departementale,2022,4.59539716668199,47.2762886683073,820600.3852,6687437.897,2,21,211,7.99909845629593,1.80050635913552,0.865907461316389,8725,8725,FALSE
TIDM_RURAL_GC_426,TIGA_rural,Aleatoire_stratifie,Departementale,2022,4.59559355139844,47.2835118726675,820599.0163,6688240.391,2,21,211,8.97012028988505,1.60283297760985,0.730586464835199,16980,16980,FALSE
TIDM_RURAL_GC_427,TIGA_rural,Aleatoire_stratifie,Departementale,2022,4.59703552838297,47.2816975385369,820712.0656,6688041.098,2,21,211,10.973858283088,1.33047912377892,0.555403998810802,12028,12028,FALSE
TIDM_RURAL_GC_428,TIGA_rural,Aleatoire_stratifie,Departementale,2022,4.59410433333651,47.2802626657633,820493.7586,6687877.267,2,21,211,10.9999794577179,2.08679621289315,0.870262292838562,5779,5779,FALSE
TIDM_RURAL_GC_429,TIGA_rural,Aleatoire_stratifie,Departementale,2022,4.5874554998176,47.2751021547316,820002.7837,6687294.026,2,21,211,6,1.64884707167248,0.920239072258317,1652,1652,FALSE
TIDM_RURAL_GC_430,TIGA_rural,Aleatoire_stratifie,Departementale,2022,4.60112686184349,47.285484287162,821012.7384,6688467.909,2,21,211,7,1.80571987506145,0.927956450578194,4836,4836,FALSE
TIDM_RURAL_GC_431,TIGA_rural,Aleatoire_stratifie,Departementale,2022,4.59964333317219,47.2836394991539,820904.7801,6688260.758,2,21,211,5,1.41427906512471,0.87874099037829,1298,1298,FALSE
TIDM_RURAL_GC_432,TIGA_rural,Aleatoire_stratifie,Departementale,2022,4.5964126673186,47.2804371694808,820667.8233,6687900.172,2,21,211,4.99999444108428,0.886317279027608,0.550700268981961,5425,5189,FALSE
TIDM_RURAL_GC_433,TIGA_rural,Aleatoire_stratifie,Departementale,2022,4.59946873646113,47.2758960839142,820909.0074,6687400.524,2,21,211,11.9764726733487,1.71712021828094,0.69156619679856,11792,11792,FALSE
TIDM_RURAL_GC_434,TIGA_rural,Aleatoire_stratifie,Departementale,2022,4.59311649975579,47.2777201636168,820424.7989,6687593.395,2,21,211,0,0,,0,0,TRUE
TIDM_RURAL_GC_435,TIGA_rural,Aleatoire_stratifie,Departementale,2022,4.59119547433158,47.2757606539309,820283.9928,6687372.848,2,21,211,8.98586237736064,1.5397689485436,0.701280804607185,11320,11320,FALSE
TIDM_RURAL_GC_436,TIGA_rural,Aleatoire_stratifie,Departementale,2022,4.60084641324424,47.2817109661969,821000.042,6688048.422,2,21,211,7.99986081433899,1.71138068673326,0.823007029244246,6956,6956,FALSE
TIDM_RURAL_GC_437,TIGA_rural,Aleatoire_stratifie,Departementale,2022,4.58888583051432,47.2780896694141,820104.217,6687627.988,2,21,211,5.99999999963166,1.44080564452131,0.804128941029914,2949,2949,FALSE
TIDM_RURAL_GC_438,TIGA_rural,Aleatoire_stratifie,Departementale,2022,4.59314850032752,47.2747086710358,820433.9663,6687258.994,2,21,211,6.99473407714521,1.4893910114445,0.76569169415154,11556,11556,FALSE
TIDM_RURAL_GC_439,TIGA_rural,Aleatoire_stratifie,Departementale,2022,4.59241361229387,47.2731901780076,820381.8214,6687089.233,2,21,211,5.99999999995984,1.26555024649326,0.706317041005076,2713,2713,FALSE
TIDM_RURAL_GC_440,TIGA_rural,Aleatoire_stratifie,Departementale,2022,4.60761549953188,47.2843361624264,821505.6766,6688350.365,2,21,211,7.99429635930051,0.998466405281975,0.480325586445475,10377,10377,FALSE
TIDM_RURAL_GC_441,TIGA_rural,Aleatoire_stratifie,Departementale,2022,4.60414149945358,47.2821511650293,821248.0737,6688102.364,2,21,211,6.99999999999463,1.40195701760295,0.720463387420081,2477,2477,FALSE
TIDM_RURAL_GC_442,TIGA_rural,Aleatoire_stratifie,Departementale,2022,4.60258477502257,47.2796620749055,821136.0369,6687823.542,2,21,211,5.99999961777497,1.45366903415102,0.811308164293405,4246,4128,FALSE
TIDM_RURAL_GC_443,TIGA_rural,Aleatoire_stratifie,Departementale,2022,4.58907316622235,47.277529665137,820119.6276,6687566.08,2,21,211,11.9982168717655,2.19270306508532,0.882461400915188,8254,8254,FALSE
TIDM_RURAL_GC_444,TIGA_rural,Aleatoire_stratifie,Departementale,2022,4.59314980180037,47.2834205643737,820414.5412,6688226.521,2,21,211,6.99981100569372,1.47020002579545,0.755543839397569,7193,7193,FALSE
TIDM_RURAL_GC_445,TIGA_rural,Aleatoire_stratifie,Departementale,2022,4.59784016602856,47.2771263311721,820783.1502,6687534.66,2,21,211,10.9999907485838,2.18068984721218,0.90941862090711,9669,9669,FALSE
TIDM_RURAL_GC_446,TIGA_rural,Aleatoire_stratifie,Departementale,2022,4.60061083369056,47.2880026693251,820968.0723,6688746.805,2,21,211,6.9963414011504,1.41260768828605,0.726131834019052,9669,9669,FALSE
TIDM_RURAL_GC_447,TIGA_rural,Aleatoire_stratifie,Departementale,2022,4.59094313540188,47.2785426738201,820258.6943,6687681.429,2,21,211,5,1.39195729407921,0.864871694226478,1887,1887,FALSE
TIDM_RURAL_GC_448,TIGA_rural,Aleatoire_stratifie,Departementale,2022,4.58890349976279,47.276934004126,820108.1354,6687499.669,2,21,211,5.99991533154381,1.05217579169508,0.587235115281386,6840,6604,FALSE
TIDM_RURAL_GC_449,TIGA_rural,Aleatoire_stratifie,Departementale,2022,4.60406952745924,47.2879048075563,821229.6521,6688741.241,2,21,211,8.90985426686658,1.40749743205411,0.64352804229051,19457,19339,FALSE
TIDM_RURAL_GC_450,TIGA_rural,Aleatoire_stratifie,Departementale,2022,4.58943854161516,47.2742123428551,820154.6598,6687198.221,2,21,211,6,1.41742133445148,0.791077909057822,3303,3303,FALSE
TIDM_RURAL_GC_451,TIGA_rural,Aleatoire_stratifie,Departementale,2022,4.60372083373874,47.2843473346724,821211.328,6688345.62,2,21,211,9.99930237396408,1.58701181874361,0.689251358926589,6958,6958,FALSE
TIDM_RURAL_GC_452,TIGA_rural,Aleatoire_stratifie,Departementale,2022,4.59854364272906,47.2793100030714,820831.4096,6687778.25,2,21,211,5.99999999998013,1.50297957994501,0.838828875058391,2712,2712,FALSE
TIDM_RURAL_GC_496,TIGA_rural,Aleatoire_stratifie,Departementale,2023,5.20162866712946,47.2832921674127,866395.1349,6689317.335,2,21,211,3,1.06085694715802,0.965633607142825,1062,1062,FALSE
TIDM_RURAL_GC_497,TIGA_rural,Aleatoire_stratifie,Departementale,2023,5.19876316691503,47.2806783368212,866186.7054,6689021.067,2,21,211,8.99999859101234,1.84946225790077,0.841726607627325,4363,4363,FALSE
TIDM_RURAL_GC_498,TIGA_rural,Aleatoire_stratifie,Departementale,2023,5.1989275485075,47.2795665688724,866202.5651,6688897.965,2,21,211,7.99999999974607,1.7114385733788,0.823027980879122,2830,2830,FALSE
TIDM_RURAL_GC_499,TIGA_rural,Aleatoire_stratifie,Departementale,2023,5.20246099811878,47.2795888290849,866469.4973,6688907.88,2,21,211,10.9999224298182,2.02724200647834,0.845428068237751,5898,5898,FALSE
TIDM_RURAL_GC_500,TIGA_rural,Aleatoire_stratifie,Departementale,2023,5.20498738339323,47.2771876053979,866667.8478,6688646.584,2,21,211,5.99999999999449,1.62089958743356,0.904641284319667,2594,2594,FALSE
TIDM_RURAL_GC_501,TIGA_rural,Aleatoire_stratifie,Departementale,2023,5.2055135888146,47.2747943438235,866715.036,6688381.954,2,21,211,8,2.00695489221077,0.965141290093439,2006,2006,FALSE
TIDM_RURAL_GC_502,TIGA_rural,Aleatoire_stratifie,Departementale,2023,5.21050983299869,47.2754185004088,867090.6635,6688461.819,2,21,211,8.99999442719335,1.89955291154961,0.864524030204777,5190,5190,FALSE
TIDM_RURAL_GC_503,TIGA_rural,Aleatoire_stratifie,Departementale,2023,5.21210583404264,47.2725816693599,867220.0991,6688150.205,2,21,211,2,0.562335144618808,0.811278124459133,472,472,TRUE
TIDM_RURAL_GC_504,TIGA_rural,Aleatoire_stratifie,Departementale,2023,5.20696187110195,47.2720012026245,866833.1539,6688074.871,2,21,211,4,1.27703425946614,0.921185496588554,826,826,FALSE
TIDM_RURAL_GC_505,TIGA_rural,Aleatoire_stratifie,Departementale,2023,5.19903893091106,47.278380992203,866214.6487,6688766.556,2,21,211,5,1.56071040904141,0.969723899868247,708,708,FALSE
TIDM_RURAL_GC_506,TIGA_rural,Aleatoire_stratifie,Departementale,2023,5.20667260372542,47.2678300270835,866824.2393,6687611.106,2,21,211,7.99999569281001,1.60012381681969,0.769497097679142,4835,4835,FALSE
TIDM_RURAL_GC_507,TIGA_rural,Aleatoire_stratifie,Departementale,2023,5.21157049393543,47.2702858378279,867186.7833,6687894.15,2,21,211,6.99979907095904,1.43771649943176,0.73885102481418,6721,6721,FALSE
TIDM_RURAL_GC_508,TIGA_rural,Aleatoire_stratifie,Departementale,2023,5.21362999949962,47.2697670029655,867344.0492,6687840.903,2,21,211,6,1.74828309098952,0.975735371301114,2831,2831,FALSE
TIDM_RURAL_GC_509,TIGA_rural,Aleatoire_stratifie,Departementale,2023,5.20714998195518,47.2787232641224,866826.5016,6688821.666,2,21,211,7.99999619371885,1.72762183662593,0.830810675503663,19338,19338,FALSE
TIDM_RURAL_GC_516,TIGA_rural,Aleatoire_stratifie,Departementale,2023,5.20994399086584,47.2675494114419,867072.3636,6687586.864,2,21,211,6,1.69574253416963,0.946411928215015,1180,1180,FALSE
TIDM_RURAL_GC_517,TIGA_rural,Aleatoire_stratifie,Departementale,2023,5.20895872635101,47.2649046617311,867006.1141,6687291.116,2,21,211,7.99999905728444,1.46438646733514,0.704221071363802,4364,4364,FALSE
TIDM_RURAL_GC_518,TIGA_rural,Aleatoire_stratifie,Departementale,2023,5.21245680969797,47.2631348498879,867276.0216,6687102.007,2,21,211,8.99999999996656,1.76371811508052,0.802702706530674,2595,2595,FALSE
TIDM_RURAL_GC_519,TIGA_rural,Aleatoire_stratifie,Departementale,2023,5.21432750005122,47.2672938372911,867404.4673,6687567.77,2,21,211,5.99999936856056,1.47448954372041,0.822928331424181,8254,8254,FALSE
TIDM_RURAL_GC_520,TIGA_rural,Aleatoire_stratifie,Departementale,2023,5.21786666611884,47.2691484999073,867666.1743,6687781.214,2,21,211,6.99994838415953,1.38135090247223,0.709876628976625,5897,5897,FALSE
TIDM_RURAL_GC_521,TIGA_rural,Aleatoire_stratifie,Departementale,2023,5.21886116682223,47.2673936656359,867746.8135,6687588.476,2,21,211,7.9999805540727,1.68347289508783,0.809580278756077,5425,5425,FALSE
TIDM_RURAL_GC_522,TIGA_rural,Aleatoire_stratifie,Departementale,2023,5.21683749960843,47.2654975013516,867599.7761,6687373.636,2,21,211,9.83922000255504,1.58372691158825,0.692679859693164,23347,23347,FALSE
TIDM_RURAL_GC_523,TIGA_rural,Aleatoire_stratifie,Departementale,2023,5.21878711238058,47.2611448686797,867760.718,6686894.477,2,21,211,7.9999939791578,1.71611960836765,0.825279381545474,4954,4954,FALSE
TIDM_RURAL_GC_524,TIGA_rural,Aleatoire_stratifie,Departementale,2023,5.2210903334142,47.2700881665338,867906.8771,6687892.401,2,21,211,8.99493576280476,1.22819587831118,0.559119259832196,9551,9551,FALSE
TIDM_RURAL_GC_525,TIGA_rural,Aleatoire_stratifie,Departementale,2023,5.22305071642091,47.2685240227499,868059.9271,6687722.895,2,21,211,3.99999999999973,1.07019067375198,0.771979388913839,2358,2358,FALSE
TIDM_RURAL_GC_526,TIGA_rural,Aleatoire_stratifie,Departementale,2023,5.22288200011081,47.2665108299639,868053.4702,6687498.999,2,21,211,3,0.918586744178619,0.836133687610811,1415,1415,FALSE
TIDM_RURAL_GC_527,TIGA_rural,Aleatoire_stratifie,Departementale,2023,5.22476883348345,47.2657271698647,868198.5324,6687416.002,2,21,211,4.99999906067499,1.11095996647595,0.690278318642868,4363,4363,FALSE
TIDM_RURAL_GC_528,TIGA_rural,Aleatoire_stratifie,Departementale,2023,5.22159046949297,47.2650756551301,867960.3388,6687336.895,2,21,211,10.9999913856298,2.13688247996589,0.89114950185187,4835,4835,FALSE
TIDM_RURAL_GC_529,TIGA_rural,Aleatoire_stratifie,Departementale,2023,5.22287083294087,47.2631644959122,868063.0888,6687127.412,2,21,211,3.9999412676095,0.406367325478316,0.293135167421381,6368,6368,FALSE
TIDM_RURAL_GC_530,TIGA_rural,Aleatoire_stratifie,Departementale,2023,5.22452516707734,47.2641583342107,868185.0242,6687241.286,2,21,211,2.99999999999866,0.727158992094741,0.661888638599337,2477,2477,FALSE
TIDM_RURAL_GC_531,TIGA_rural,Aleatoire_stratifie,Departementale,2023,5.2275116667968,47.2676940027081,868399.6807,6687640.237,2,21,211,8.99998765022034,1.81198639184093,0.824671061002883,5071,5071,FALSE
TIDM_RURAL_GC_532,TIGA_rural,Aleatoire_stratifie,Departementale,2023,5.22947283324332,47.2644384971904,868558.1142,6687282.944,2,21,211,5,1.12783157661192,0.700761158848431,1887,1887,FALSE
TIDM_RURAL_GC_533,TIGA_rural,Aleatoire_stratifie,Departementale,2023,5.22524053001296,47.2700917034218,868220.5238,6687901.627,2,21,211,6.98337820585473,1.0412926401998,0.535773128771704,12617,12617,FALSE
TIDM_RURAL_GC_534,TIGA_rural,Aleatoire_stratifie,Departementale,2023,5.23280739336238,47.2697169345401,868793.5774,6687876.162,2,21,211,9.77729563230259,0.674158629010496,0.29567544888482,19220,19220,FALSE
TIDM_RURAL_GC_535,TIGA_rural,Aleatoire_stratifie,Departementale,2023,5.22920424130464,47.2708647168407,868517.6634,6687995.911,2,21,211,7.90673615811488,0.777777093199434,0.376152934624328,24290,24290,FALSE
TIDM_RURAL_GC_536,TIGA_rural,Aleatoire_stratifie,Departementale,2023,5.23236083142099,47.2722418632721,868751.8995,6688155.565,2,21,211,8.99144835956603,1.59317180936316,0.725397582656927,10377,10377,FALSE
TIDM_RURAL_GC_537,TIGA_rural,Aleatoire_stratifie,Departementale,2023,5.23077466674358,47.2728693323008,868630.0589,6688221.848,2,21,211,8.99999923865014,1.8953845306825,0.862626707896089,4127,4127,FALSE
TIDM_RURAL_GC_538,TIGA_rural,Aleatoire_stratifie,Departementale,2023,5.22512649983532,47.2730353304696,868202.6929,6688228.233,2,21,211,7.99999999997771,1.83494129126347,0.882420233743915,2713,2595,FALSE
TIDM_RURAL_GC_539,TIGA_rural,Aleatoire_stratifie,Departementale,2023,5.23097866640774,47.2749653312561,868638.8984,6688455.015,2,21,211,7.9993023573875,1.1013145986369,0.529642582505868,6958,6958,FALSE
TIDM_RURAL_GC_540,TIGA_rural,Aleatoire_stratifie,Departementale,2023,5.22347333410078,47.2742195038158,868074.0557,6688356.199,2,21,211,8,1.74845428509672,0.840828775443366,1887,1887,FALSE
TIDM_RURAL_GC_541,TIGA_rural,Aleatoire_stratifie,Departementale,2023,5.22779200033199,47.2764883377389,868393.311,6688617.323,2,21,211,8.997524353536,1.71080408902718,0.778717997024935,10142,10142,FALSE
TIDM_RURAL_GC_542,TIGA_rural,Aleatoire_stratifie,Departementale,2023,5.22605857215995,47.2778474984762,868258.0645,6688764.544,2,21,211,7.99993849615077,1.22694108950078,0.590036123214914,5896,5778,FALSE
TIDM_RURAL_GC_543,TIGA_rural,Aleatoire_stratifie,Departementale,2023,5.2293663007282,47.2786384424485,868505.5347,6688859.421,2,21,211,8.99999980432499,1.75402516354362,0.79829126207312,3774,3774,FALSE
TIDM_RURAL_GC_544,TIGA_rural,Aleatoire_stratifie,Departementale,2023,5.22545643478181,47.278708584484,868209.8682,6688858.873,2,21,211,7.99999993579629,1.50615209785385,0.724306056928165,3656,3656,FALSE
TIDM_RURAL_GC_545,TIGA_rural,Aleatoire_stratifie,Departementale,2023,5.22705056803436,47.2810571371935,868322.9711,6689123.045,2,21,211,5.99990197915175,0.849142405935125,0.473919721322707,11792,11792,FALSE
TIDM_RURAL_MA_196,TIGA_rural,Aleatoire_stratifie,Departementale,2021,5.06339699974677,47.2437531685964,856065.0474,6684644.699,1,11,112,10.9949322540684,1.79867091390793,0.750248209937642,9552,9552,FALSE
TIDM_RURAL_MA_197,TIGA_rural,Aleatoire_stratifie,Departementale,2021,5.06288400058015,47.2431744978881,856027.9346,6684579.429,1,11,112,3,1.09861228866811,1,354,354,TRUE
TIDM_RURAL_MA_198,TIGA_rural,Aleatoire_stratifie,Departementale,2021,5.12613100051544,47.3194296699861,860582.4876,6693173.724,2,21,211,6.99999999999991,1.7349971116542,0.891612139695406,2241,2241,FALSE
TIDM_RURAL_MA_199,TIGA_rural,Aleatoire_stratifie,Departementale,2021,5.1254351661456,47.3204038298839,860527.0329,6693280.482,2,21,211,4,1.19920644985739,0.865044599105658,1415,1415,FALSE
TIDM_RURAL_MA_200,TIGA_rural,Aleatoire_stratifie,Departementale,2021,5.01377798630307,47.4033868264493,851860.7534,6702274.571,2,21,211,8.95866193052946,0.685820074925133,0.312785526167641,13207,13207,FALSE
TIDM_RURAL_MA_201,TIGA_rural,Aleatoire_stratifie,Departementale,2021,5.0062407775497,47.3997520340232,851302.7463,6701856.457,2,24,243,5.99999570524423,1.38884638590247,0.775130236277493,4834,4834,FALSE
TIDM_RURAL_MA_202,TIGA_rural,Aleatoire_stratifie,Departementale,2021,5.0606840414185,47.2400825403724,855870.5387,6684231.75,1,11,112,3.99999999999919,0.587861327357208,0.424052310854386,2358,2358,FALSE
TIDM_RURAL_MA_203,TIGA_rural,Aleatoire_stratifie,Departementale,2021,5.05911623150545,47.2408459124524,855749.7652,6684313.422,1,11,112,6.99984179842982,0.915092561098023,0.470270012143235,6132,6132,FALSE
TIDM_RURAL_MA_204,TIGA_rural,Aleatoire_stratifie,Departementale,2021,5.38225383399963,47.1780803374008,880395.0049,6678032.124,2,24,242,4.99999999767578,1.14385137349018,0.710714818498716,3538,3184,FALSE
TIDM_RURAL_MA_205,TIGA_rural,Aleatoire_stratifie,Departementale,2021,5.38171466665508,47.1771565021704,880357.2838,6677928.323,2,24,242,2.99999999998898,0.36785942401233,0.334840077621497,2594,2594,FALSE
TIDM_RURAL_MA_206,TIGA_rural,Aleatoire_stratifie,Departementale,2021,5.13941049943969,47.3056051656727,861626.8193,6691665.723,2,21,211,3.99999986311359,0.49564214465335,0.357530240899352,3891,3891,FALSE
TIDM_RURAL_MA_207,TIGA_rural,Aleatoire_stratifie,Departementale,2021,5.13888366689585,47.305420001945,861587.5853,6691644.084,2,21,211,9.99969858096527,1.61149312863347,0.6998717351732,6721,6721,FALSE
TIDM_RURAL_MA_208,TIGA_rural,Aleatoire_stratifie,Departementale,2021,5.34871200011058,47.3443726681417,877306.4664,6696419.582,2,21,211,9.99918651332804,1.55259003740739,0.6743051095852,7075,7075,FALSE
TIDM_RURAL_MA_209,TIGA_rural,Aleatoire_stratifie,Departementale,2021,5.12913666469792,47.3923656073729,860591.0087,6701278.922,2,21,211,3,1.01140426470735,0.920619835714305,708,708,FALSE
TIDM_RURAL_MA_210,TIGA_rural,Aleatoire_stratifie,Departementale,2021,5.16080744802329,47.3911078044472,862983.0217,6701204.14,2,21,211,4,1.2636544318821,0.911533991136831,1298,1298,FALSE
TIDM_RURAL_MA_211,TIGA_rural,Aleatoire_stratifie,Departementale,2021,5.33168583350231,47.3816446689392,875899.2776,6700520.025,1,11,112,4,1.38629436111989,1,472,472,TRUE
TIDM_RURAL_MA_212,TIGA_rural,Aleatoire_stratifie,Departementale,2021,5.33117216675039,47.3819293320588,875859.6051,6700550.489,1,11,112,4,1.27703425946614,0.921185496588554,826,826,FALSE
TIDM_RURAL_MA_213,TIGA_rural,Aleatoire_stratifie,Departementale,2021,5.38192550531738,47.1606117999761,880428.6717,6676091.925,2,24,242,6.99999999980776,1.59478639364327,0.819558084138675,2831,2831,FALSE
TIDM_RURAL_MA_214,TIGA_rural,Aleatoire_stratifie,Departementale,2021,5.01575146496971,47.5423020244155,851615.6357,6717705.43,2,21,211,7.99999716031061,1.47967314734807,0.711572492070827,4481,4481,FALSE
TIDM_RURAL_MA_215,TIGA_rural,Aleatoire_stratifie,Departementale,2021,5.01570983320442,47.5424486686316,851612.0892,6717721.636,2,21,211,8.9999876502327,1.65783480528865,0.754513606724739,5071,5071,FALSE
TIDM_RURAL_PR_156,TIGA_rural,Aleatoire_stratifie,Departementale,2021,5.38732349938152,47.4823361626011,879757.1149,6711825.938,2,23,231,14.977729492905,1.75348984727468,0.647865555676046,10849,10849,FALSE
TIDM_RURAL_PR_157,TIGA_rural,Aleatoire_stratifie,Departementale,2021,5.31001761615461,47.5956877629667,873569.6005,6724240.039,2,23,231,6.99999848706776,1.75146870523065,0.900076964302514,4716,4716,FALSE
TIDM_RURAL_PR_158,TIGA_rural,Aleatoire_stratifie,Departementale,2021,5.28082150008955,47.2384016672465,872522.7633,6684502.871,2,23,231,10.9996607443014,1.30123370763748,0.542663584676246,6251,6251,FALSE
TIDM_RURAL_PR_159,TIGA_rural,Aleatoire_stratifie,Departementale,2021,5.17923750042602,47.0525653358438,865410.4893,6663651.98,2,21,211,7.96974219494771,1.55422895566319,0.748790667621138,14387,14387,FALSE
TIDM_RURAL_PR_160,TIGA_rural,Aleatoire_stratifie,Departementale,2021,4.69126199990499,47.4275033349752,827486.2391,6704382.385,2,23,231,3,0.964962923007428,0.878347104761853,1062,1062,FALSE
TIDM_RURAL_PR_161,TIGA_rural,Aleatoire_stratifie,Departementale,2021,5.08719556644682,47.4125019664462,857369.2084,6703430.558,2,21,211,3,0.824254847208324,0.750269094666327,1415,1415,FALSE
TIDM_RURAL_PR_162,TIGA_rural,Aleatoire_stratifie,Departementale,2021,4.68806199946396,47.3675438319268,827387.4431,6697718.074,2,23,231,6.99979907095964,1.59995316412625,0.822225407746621,6721,6721,FALSE
TIDM_RURAL_PR_163,TIGA_rural,Aleatoire_stratifie,Departementale,2021,4.61355099955945,47.3521565005288,821800.2923,6695891.586,2,23,231,12.9999892008895,2.27834635974072,0.88826202006414,4836,4836,FALSE
TIDM_RURAL_PR_164,TIGA_rural,Aleatoire_stratifie,Departementale,2021,5.41059983263854,47.572679164514,881202.8497,6721910.972,2,23,231,9.99428837333556,1.44752947492863,0.628810086014141,9434,9316,FALSE
TIDM_RURAL_PR_165,TIGA_rural,Aleatoire_stratifie,Departementale,2021,4.86529699992484,47.3140546666163,840900.233,6692078.907,1,11,112,4,1.08939004460114,0.785828807469935,1179,1179,FALSE
TIDM_RURAL_PR_166,TIGA_rural,Aleatoire_stratifie,Departementale,2021,4.98189576347716,47.536581143662,849085.6537,6717005.617,2,23,231,5.99999999999973,1.62175872002747,0.905120775349501,2359,2359,FALSE
TIDM_RURAL_PR_167,TIGA_rural,Aleatoire_stratifie,Departementale,2021,5.36796099964331,47.1910753353153,879269.7325,6679442.358,2,23,231,8.99836144783979,1.48835111997666,0.677433923274771,7665,7665,FALSE
TIDM_RURAL_PR_168,TIGA_rural,Aleatoire_stratifie,Departementale,2021,5.34467333389241,47.3487058336858,876987.3827,6696891.653,2,24,242,4,1.2130075659799,0.875,1180,944,FALSE
TIDM_RURAL_PR_169,TIGA_rural,Aleatoire_stratifie,Departementale,2021,5.08279499965511,47.4462170040701,856938.7148,6707165.822,2,21,211,5.99787491004587,0.706291402587217,0.39426668673108,8136,8136,FALSE
TIDM_RURAL_PR_170,TIGA_rural,Aleatoire_stratifie,Departementale,2021,5.44425933292599,47.3162661674636,884613.7949,6693517.835,2,23,231,3,0.898318880708786,0.817685083240652,1533,1533,FALSE
TIDM_RURAL_PR_171,TIGA_rural,Aleatoire_stratifie,Departementale,2021,5.40554166619527,47.2702835015891,881845.9613,6688322.59,2,24,242,9.99999988259499,2.05460613054495,0.892304109529976,3774,3774,FALSE
TIDM_RURAL_PR_172,TIGA_rural,Aleatoire_stratifie,Departementale,2021,4.99026116672556,47.3582454967355,850214.0862,6697216.66,2,24,243,9.68329453032488,0.864701177641263,0.38085815034447,105531,105531,FALSE
TIDM_RURAL_PR_173,TIGA_rural,Aleatoire_stratifie,Departementale,2021,4.99014707400122,47.1553648074714,850773.4053,6674687.691,2,21,211,6.99999998880461,1.61944929041868,0.83223230658204,3538,3538,FALSE
TIDM_RURAL_PR_174,TIGA_rural,Aleatoire_stratifie,Departementale,2021,4.64669049950595,47.271796336967,824487.6392,6687018.596,2,23,231,8.99867448487653,1.75644318494153,0.799445333720958,8372,8372,FALSE
TIDM_RURAL_PR_175,TIGA_rural,Aleatoire_stratifie,Departementale,2021,5.04451050039789,47.5110183299762,853868.2547,6714286.815,2,23,231,8.99988114026077,1.22730275337498,0.558572911914938,6133,6133,FALSE
TIDM_RURAL_PR_176,TIGA_rural,Aleatoire_stratifie,Departementale,2021,5.14906797398298,47.6322808123284,861368.6677,6727962.469,2,23,231,5.99999999999999,1.6670635143599,0.93040586250013,2123,2123,FALSE
TIDM_RURAL_PR_177,TIGA_rural,Aleatoire_stratifie,Departementale,2021,5.25041250040889,47.5773831690935,869150.1814,6722077.966,3,31,311,8.99999998859683,1.6852501410334,0.766990392965786,6369,6369,FALSE
TIDM_RURAL_PR_178,TIGA_rural,Aleatoire_stratifie,Departementale,2021,4.95551949965968,47.6132164994737,846891.1151,6725467.378,2,21,211,8.99435146399665,1.65711691176354,0.754401963083448,11674,11674,FALSE
TIDM_RURAL_PR_179,TIGA_rural,Aleatoire_stratifie,Departementale,2021,5.42741524608551,47.5147730075791,882664.1825,6715519.722,1,11,112,6.99999259935516,1.69056960916468,0.868781391829406,5307,5307,FALSE
TIDM_RURAL_PR_180,TIGA_rural,Aleatoire_stratifie,Departementale,2021,4.81421850001126,47.5142464983503,836531.6641,6714221.86,2,23,231,4,1.30860538725345,0.943959251335566,1416,1416,FALSE
TIDM_RURAL_PR_181,TIGA_rural,Aleatoire_stratifie,Departementale,2021,4.6173343327545,47.2907229959614,822225.606,6689074.672,1,11,112,6.99999999994038,1.56329769742737,0.803376095341887,2712,2712,FALSE
TIDM_RURAL_PR_182,TIGA_rural,Aleatoire_stratifie,Departementale,2021,4.72926574883218,47.5271434923132,830108.0932,6715510.825,2,23,231,5.90498531068041,0.813694537374064,0.45821372305969,34548,34548,FALSE
TIDM_RURAL_PR_183,TIGA_rural,Aleatoire_stratifie,Departementale,2021,4.80415843924772,47.4595995260689,835913.4064,6708135.327,2,21,211,7.99494890415251,1.43410207782551,0.689866851068311,11438,11438,FALSE
TIDM_RURAL_PR_184,TIGA_rural,Aleatoire_stratifie,Departementale,2021,4.72323099976974,47.3719478331203,830030.3342,6698264.503,2,23,231,3,0.831421221561286,0.756792209715085,3773,3773,FALSE
TIDM_RURAL_PR_185,TIGA_rural,Aleatoire_stratifie,Departementale,2021,4.77526983370958,47.3490839955308,834013.4879,6695812.318,3,31,311,8.99967453732104,1.76808910352712,0.804705273398732,7075,7075,FALSE
TIDM_RURAL_PR_186,TIGA_rural,Aleatoire_stratifie,Departementale,2021,4.63821833329615,47.4748903353512,823379.2179,6709561.123,2,23,231,8.99999999999436,2.11057267609565,0.960563020214794,2596,2596,FALSE
TIDM_RURAL_PR_187,TIGA_rural,Aleatoire_stratifie,Departementale,2021,5.11644723010328,47.1448574988848,860370.9516,6673769.823,2,24,242,9.99999352053106,1.92739113818526,0.8370555713304,4836,4836,FALSE
TIDM_RURAL_PR_188,TIGA_rural,Aleatoire_stratifie,Departementale,2021,4.71182033382551,47.2883980031346,829370.637,6688966.996,2,23,231,2,0.636514168294813,0.918295834054489,354,354,TRUE
TIDM_RURAL_PR_189,TIGA_rural,Aleatoire_stratifie,Departementale,2021,4.93776783350482,47.4278426682124,846063.272,6704847.056,3,31,311,9.99943375430502,1.86572109083905,0.810292301582143,7192,7192,FALSE
TIDM_RURAL_PR_190,TIGA_rural,Aleatoire_stratifie,Departementale,2021,5.17417030093677,47.4283444258039,863876.8056,6705366.735,2,23,231,3.99999999999869,1.22857844195711,0.886232012777517,2475,2475,FALSE
TIDM_RURAL_PR_191,TIGA_rural,Aleatoire_stratifie,Departementale,2021,5.08643083336255,47.5120721644461,857019.3261,6714486.371,2,23,231,8,1.92512119079082,0.925787598354723,1534,1534,FALSE
TIDM_RURAL_PR_192,TIGA_rural,Aleatoire_stratifie,Departementale,2021,4.94032912866279,47.2009398584352,846875.5882,6679654.531,2,23,231,5,1.47080847632211,0.913864688385322,1180,1180,FALSE
TIDM_RURAL_PR_193,TIGA_rural,Aleatoire_stratifie,Departementale,2021,5.26792250017331,47.4744809978204,870794.2343,6710688.646,3,31,311,7.99999979467039,1.68842088291782,0.811958821594839,3891,3891,FALSE
TIDM_RURAL_PR_194,TIGA_rural,Aleatoire_stratifie,Departementale,2021,5.15124866643723,47.5225343315669,861864.4971,6715779.1,1,11,112,6.99979906246735,1.0435598153958,0.536291570588167,6721,6721,FALSE
TIDM_RURAL_PR_195,TIGA_rural,Aleatoire_stratifie,Departementale,2021,5.18646050024777,47.3547994993005,865029.1279,6697225.643,2,21,211,7.99999995719753,1.8235111985347,0.876923523300119,3656,3656,FALSE
TIDM_RURAL_PR_453,TIGA_rural,Aleatoire_stratifie,Departementale,2022,4.60023944689955,47.2905801273916,820934.2063,6689032.484,2,23,231,7.99995899787538,1.79295936381548,0.862233319409954,5778,5778,FALSE
TIDM_RURAL_PR_454,TIGA_rural,Aleatoire_stratifie,Departementale,2022,4.60257209342725,47.2887979158237,821114.4838,6688838.13,2,21,211,9.99378514423575,1.79224238878183,0.778571187410766,9434,9434,FALSE
TIDM_RURAL_PR_455,TIGA_rural,Aleatoire_stratifie,Departementale,2022,4.6031743338373,47.2898898313289,821157.5295,6688960.32,2,23,231,4.99999999994038,0.813609330353072,0.505523900035761,2712,2712,FALSE
TIDM_RURAL_PR_456,TIGA_rural,Aleatoire_stratifie,Departementale,2022,4.59660742995901,47.2783377626066,820687.2578,6687667.314,2,21,211,7.99999998424667,1.41881951558935,0.682307960331869,3302,3302,FALSE
TIDM_RURAL_PR_457,TIGA_rural,Aleatoire_stratifie,Departementale,2022,4.59929166630939,47.2782663306671,820890.2917,6687663.487,2,21,211,4,1.2406842919534,0.894964537655,1298,1298,FALSE
TIDM_RURAL_PR_458,TIGA_rural,Aleatoire_stratifie,Departementale,2022,4.60995566614494,47.2837018289257,821683.9615,6688283.521,2,23,231,9.99994838468965,2.1241097435414,0.922491208461143,5897,5897,FALSE
TIDM_RURAL_PR_459,TIGA_rural,Aleatoire_stratifie,Departementale,2022,4.60568857472767,47.2814476686362,821366.5813,6688026.612,2,21,211,8.99999999535156,1.87013648726237,0.851135795126238,3302,3184,FALSE
TIDM_RURAL_PR_460,TIGA_rural,Aleatoire_stratifie,Departementale,2022,4.59849808833758,47.2749729040261,820837.7188,6687296.512,2,21,211,17.8781273714568,2.22109541589234,0.770256740730297,14858,14858,FALSE
TIDM_RURAL_PR_510,TIGA_rural,Aleatoire_stratifie,Departementale,2023,5.2205315079642,47.2673449987146,867873.2107,6687586.622,2,21,211,7.99979906246795,1.66232670279027,0.799419819650351,6721,6721,FALSE
TIDM_RURAL_PR_511,TIGA_rural,Aleatoire_stratifie,Departementale,2023,5.21629400055701,47.2640146641592,867563.3192,6687207.834,2,21,211,8.2181810791372,0.852965079755238,0.404949568356605,53532,53532,FALSE
TIDM_RURAL_PR_512,TIGA_rural,Aleatoire_stratifie,Departementale,2023,5.21960819142492,47.264435183796,867812.5104,6687261.565,2,21,211,9.99951127780405,1.59495570503792,0.692695164347397,7076,7076,FALSE
TIDM_RURAL_PR_513,TIGA_rural,Aleatoire_stratifie,Departementale,2023,5.21712742900206,47.2624614757843,867631.1578,6687037.143,2,21,211,8.36687809953431,1.10759748443017,0.521398804633203,48225,48225,FALSE
TIDM_RURAL_PR_514,TIGA_rural,Aleatoire_stratifie,Departementale,2023,5.21926401500061,47.2629371146043,867791.1722,6687094.494,2,21,211,7.98826369984594,1.48962412529936,0.716863895340872,11793,11793,FALSE
TIDM_RURAL_PR_515,TIGA_rural,Aleatoire_stratifie,Departementale,2023,5.22387349993937,47.2615450036208,868143.9425,6686949.725,2,21,211,5.99999999999991,1.5578097472921,0.869430174108844,2359,2241,FALSE
TIDM_RURAL_VI_216,TIGA_rural,Aleatoire_stratifie,Departementale,2021,4.97351488108001,47.2524699530553,849244.0634,6685438.871,2,22,221,9.99997118390515,1.48377219100521,0.644394881395215,5071,5071,FALSE
TIDM_RURAL_VI_217,TIGA_rural,Aleatoire_stratifie,Departementale,2021,4.97688643173553,47.249200723689,849508.0692,6685082.219,2,22,221,7,1.90615474653985,0.979569764547061,944,944,FALSE
TIDM_RURAL_VI_218,TIGA_rural,Aleatoire_stratifie,Departementale,2021,4.97398866645502,47.2548880007438,849273.1713,6685708.278,2,22,221,6.99999999999463,1.32500973751101,0.680920307730955,2595,2477,FALSE
TIDM_RURAL_VI_219,TIGA_rural,Aleatoire_stratifie,Departementale,2021,4.97732116634314,47.256594501307,849520.3763,6685904.081,2,22,221,3,1.03972077083992,0.946394630357186,944,944,FALSE
TIDM_RURAL_VI_220,TIGA_rural,Aleatoire_stratifie,Departementale,2021,4.98385616720205,47.2453686706861,850045.7592,6684669.912,2,24,242,8.99999999926332,1.80990171461034,0.823721768519439,2949,2949,FALSE
TIDM_RURAL_VI_221,TIGA_rural,Aleatoire_stratifie,Departementale,2021,4.97835900062954,47.2636638369498,849579.1663,6686691.06,2,22,221,8.99999999974368,1.81463906023169,0.825877827406778,2831,2831,FALSE
TIDM_RURAL_VI_222,TIGA_rural,Aleatoire_stratifie,Departementale,2021,4.9798850529084,47.2661542783181,849687.5878,6686970.503,2,22,221,2,0.562335144618808,0.811278124459133,944,472,TRUE
TIDM_RURAL_VI_223,TIGA_rural,Aleatoire_stratifie,Departementale,2021,4.98796383406893,47.2739513368465,850276.446,6687851.673,1,11,112,6,1.74815545724768,0.975664137553482,1534,1416,FALSE
TIDM_RURAL_VI_224,TIGA_rural,Aleatoire_stratifie,Departementale,2021,4.98370333389831,47.2666288319882,849974.881,6687030.445,2,22,221,6.99999999999999,1.65850901335591,0.852305032768892,2123,2123,FALSE
TIDM_RURAL_VI_225,TIGA_rural,Aleatoire_stratifie,Departementale,2021,4.9560361660525,47.1833281659984,848112.7641,6677728.216,2,22,221,9.99966087482949,1.32299246086082,0.574576787872813,6605,6605,FALSE
TIDM_RURAL_VI_226,TIGA_rural,Aleatoire_stratifie,Departementale,2021,4.95542349958963,47.1531523295805,848149.3774,6674376.291,2,22,221,11.9811475273754,1.69282005255065,0.68167221843929,11321,11321,FALSE
TIDM_RURAL_VI_227,TIGA_rural,Aleatoire_stratifie,Departementale,2021,4.95939916635495,47.1922726658436,848342.7101,6678727.748,2,22,221,8.99999999995984,2.04284950744231,0.929740877886541,2713,2713,FALSE
TIDM_RURAL_VI_228,TIGA_rural,Aleatoire_stratifie,Departementale,2021,4.95781972781542,47.1885708053149,848233.3522,6678313.718,2,22,221,10.9999999998394,1.93120392877963,0.805374592751773,2713,2713,FALSE
TIDM_RURAL_VI_229,TIGA_rural,Aleatoire_stratifie,Departementale,2021,4.96384700039795,47.2332996645061,848566.0502,6683291.886,2,22,221,6,1.5193826646423,0.847983610934618,1534,1534,FALSE
TIDM_RURAL_VI_230,TIGA_rural,Aleatoire_stratifie,Departementale,2021,4.96768849941685,47.22809066475,848871.0185,6682720.693,2,22,221,8.99999930084293,1.33284882974955,0.606605665447747,4010,4010,FALSE
TIDM_RURAL_VI_231,TIGA_rural,Aleatoire_stratifie,Departementale,2021,4.99526749949542,47.2725231622711,850832.444,6687707.007,2,22,221,10.9893894714261,1.56703255861074,0.653766450774035,11674,11556,FALSE
TIDM_RURAL_VI_232,TIGA_rural,Aleatoire_stratifie,Departementale,2021,4.99853983258678,47.288573163194,851034.6446,6689495.536,2,22,221,10.9999976347101,1.86481023573188,0.77768634189712,4365,4365,FALSE
TIDM_RURAL_VI_233,TIGA_rural,Aleatoire_stratifie,Departementale,2021,4.99722516696618,47.2862991635916,850941.7016,6689240.505,2,22,221,6.99999999535156,1.45351108440776,0.746956937148115,3184,3184,FALSE
TIDM_RURAL_VI_234,TIGA_rural,Aleatoire_stratifie,Departementale,2021,4.96783366738748,47.216706170677,848913.5105,6681456.792,2,22,221,8.99995899688194,1.66102978474816,0.755968800826684,6014,5778,FALSE
TIDM_RURAL_VI_235,TIGA_rural,Aleatoire_stratifie,Departementale,2021,4.96741266716281,47.2296540021034,848845.8277,6682893.772,2,22,221,10.9876218651306,1.23841560348788,0.516702035311341,10260,10142,FALSE
TIDM_RURAL_VI_236,TIGA_rural,Aleatoire_stratifie,Departementale,2021,4.97988333290391,47.2092171636136,849846.02,6680647.986,2,21,211,3.99999999999945,0.708552236902209,0.51111239919485,2359,2359,FALSE
TIDM_RURAL_VI_237,TIGA_rural,Aleatoire_stratifie,Departementale,2021,4.96824750039416,47.331447334651,848627.1545,6694199.102,2,21,211,5.99999999999899,1.46184641921257,0.815872020948499,6840,6840,FALSE
TIDM_RURAL_VI_238,TIGA_rural,Aleatoire_stratifie,Departementale,2021,4.97389433263834,47.2317761648197,849330.2081,6683141.663,2,22,221,6,1.67698777432242,0.935944697445866,1062,1062,FALSE
TIDM_RURAL_VI_239,TIGA_rural,Aleatoire_stratifie,Departementale,2021,4.96513616651567,47.2032236657616,848746.6894,6679954.569,2,22,221,4,1.22060726455302,0.880482023721841,1298,1180,FALSE
TIDM_RURAL_VI_240,TIGA_rural,Aleatoire_stratifie,Departementale,2021,4.85611816708198,47.1556883362284,840620.4777,6674476.314,2,24,242,5.99999999904114,1.46632381356965,0.818370902391362,3066,3066,FALSE
TIDM_RURAL_VI_241,TIGA_rural,Aleatoire_stratifie,Departementale,2021,4.85911719609736,47.1573599353767,840843.2726,6674667.281,2,24,242,7.99999999993976,1.82453037780256,0.877413642672184,3185,2713,FALSE
TIDM_RURAL_VI_242,TIGA_rural,Aleatoire_stratifie,Departementale,2021,4.96263916680524,47.1933224997272,848585.0563,6678850.416,2,22,221,6.98815682060147,0.967384959229523,0.497570508902977,10966,10966,FALSE
TIDM_RURAL_VI_243,TIGA_rural,Aleatoire_stratifie,Departementale,2021,4.9667056665222,47.2437005009306,848753.4929,6684452.222,2,22,221,5,1.16055191628559,0.721091448958339,2594,1887,FALSE
TIDM_RURAL_VI_244,TIGA_rural,Aleatoire_stratifie,Departementale,2021,4.95830149992839,47.1825388298283,848286.4362,6677644.818,2,22,221,8,1.97224697942344,0.948450312207479,1298,1298,FALSE
TIDM_RURAL_VI_245,TIGA_rural,Aleatoire_stratifie,Departementale,2021,4.88359266660463,47.1680173351423,842668.904,6675894.664,2,24,242,3,1.09861228866811,1,472,354,TRUE
TIDM_RURAL_VI_246,TIGA_rural,Aleatoire_stratifie,Departementale,2021,4.84388750015005,47.1602793314502,839682.1381,6674964.412,2,24,242,10.9992440842626,1.91952405094919,0.80052664788831,7311,7193,FALSE
TIDM_RURAL_VI_247,TIGA_rural,Aleatoire_stratifie,Departementale,2021,4.87192066666705,47.1340176667132,841874.5176,6672098.187,2,22,221,6.99999999999998,1.58145638282734,0.812707813665033,2123,2123,FALSE
TIDM_RURAL_VI_248,TIGA_rural,Aleatoire_stratifie,Departementale,2021,4.84272566660668,47.144223337273,839635.7558,6673179.422,2,22,221,11.999995013614,1.98052166052837,0.797020681595881,4482,4482,FALSE
TIDM_RURAL_VI_249,TIGA_rural,Aleatoire_stratifie,Departementale,2021,4.98165506969751,47.2814784609475,849778.6658,6688675.539,2,22,221,6.9999985859273,1.27337638660593,0.654386082223228,4364,4364,FALSE
TIDM_RURAL_VI_250,TIGA_rural,Aleatoire_stratifie,Departementale,2021,4.99871366612589,47.2852044982336,851057.2495,6689121.794,2,22,221,6.99999999987184,1.73785307231918,0.89307981315541,2831,2831,FALSE
TIDM_RURAL_VI_251,TIGA_rural,Aleatoire_stratifie,Departementale,2021,4.96520266647337,47.208232167678,848737.8775,6680510.853,2,22,221,3.99999999999999,0.925946903611069,0.667929502983092,2123,2123,FALSE
TIDM_RURAL_VI_252,TIGA_rural,Aleatoire_stratifie,Departementale,2021,4.83717966709073,47.1425000008645,839220.0272,6672978.262,2,22,221,3.99999999998898,0.97960976419918,0.706639074409686,2594,2594,FALSE
TIDM_RURAL_VI_253,TIGA_rural,Aleatoire_stratifie,Departementale,2021,4.98158583298114,47.2459429980413,849872.4814,6684729.376,2,22,221,5,1.56071040904141,0.969723899868247,708,708,FALSE
TIDM_RURAL_VI_254,TIGA_rural,Aleatoire_stratifie,Departementale,2021,4.87815533463189,47.1441978754832,842320.0665,6673239.85,2,21,211,16.5095393422805,2.41987479462504,0.863027102438496,28416,28416,FALSE
TIDM_RURAL_VI_255,TIGA_rural,Aleatoire_stratifie,Departementale,2021,4.98289566717574,47.265462670929,849917.084,6686899.415,2,22,221,14.9999320929986,2.38895754772663,0.882170330692585,5424,5424,FALSE
TIDM_RURAL_VI_256,TIGA_rural,Aleatoire_stratifie,Departementale,2021,4.9988321671757,47.2892586646789,851054.805,6689572.217,2,22,221,8.99974642101629,1.54526507733238,0.703289463008313,7428,6603,FALSE
TIDM_RURAL_VI_257,TIGA_rural,Aleatoire_stratifie,Departementale,2021,4.84875800061389,47.1402040028867,840103.2348,6672743.783,1,11,112,6.99999999207093,1.43611442587268,0.73801682333886,3303,3303,FALSE
TIDM_RURAL_VI_258,TIGA_rural,Aleatoire_stratifie,Departementale,2021,4.85592783279337,47.1416143354047,840642.8001,6672913.138,2,22,221,4,1.2130075659799,0.875,1062,944,FALSE
TIDM_RURAL_VI_259,TIGA_rural,Aleatoire_stratifie,Departementale,2021,4.85806716647653,47.1803378345061,840703.6866,6677216.99,2,22,221,5,1.48984879647419,0.925695104461005,1888,1888,FALSE
TIDM_RURAL_VI_260,TIGA_rural,Aleatoire_stratifie,Departementale,2021,4.95787233289876,47.1898131698643,848233.913,6678451.772,2,22,221,6.99984179842982,1.0815620261836,0.555819387906202,6486,6132,FALSE
TIDM_RURAL_VI_261,TIGA_rural,Aleatoire_stratifie,Departementale,2021,4.92807950015309,47.1551856688999,846072.6056,6674551.133,2,21,211,10.9999711838804,1.34967199688221,0.562857555408288,5071,5071,FALSE
TIDM_RURAL_VI_262,TIGA_rural,Aleatoire_stratifie,Departementale,2021,4.97743566700264,47.2442746702639,849563.2996,6684536.249,2,22,221,3,0.864831914654028,0.787203933156889,1886,1886,FALSE
TIDM_RURAL_VI_263,TIGA_rural,Aleatoire_stratifie,Departementale,2021,4.98224301379152,47.2672636519645,849862.7289,6687098.166,2,22,221,7,1.76700919107457,0.908063094245335,1888,1770,FALSE
TIDM_RURAL_VI_264,TIGA_rural,Aleatoire_stratifie,Departementale,2021,4.9992271661766,47.286255669043,851093.0941,6689239.504,2,22,221,8.99999928765886,1.98165391298155,0.901889595085296,4600,4482,FALSE
TIDM_RURAL_VI_265,TIGA_rural,Aleatoire_stratifie,Departementale,2021,4.96620766642679,47.3172148355624,848512.5168,6692614.771,2,21,211,6.99999999999863,1.3403478729882,0.688802550127529,2359,2359,FALSE
